,machineID,datetime,time_in_cycles,voltmean_24h,rotatemean_24h,pressuremean_24h,vibrationmean_24h,voltsd_24h,rotatesd_24h,pressuresd_24h,vibrationsd_24h,voltmean_5d,rotatemean_5d,pressuremean_5d,vibrationmean_5d,voltsd_5d,rotatesd_5d,pressuresd_5d,vibrationsd_5d,error1,error2,error3,error4,error5,comp1,comp2,comp3,comp4,model,age,DI,RULWeek,failure,failed,RUL,RUL_I
0,55,2015-04-29,115,175.00638583299974,450.39687320594857,100.35517983516525,40.86611838129064,15.573898652344084,45.73330018914995,7.325702226314133,4.726520071077532,169.92909738534576,449.9617420185447,111.30006944873476,40.19500710401808,3.830952401696068,8.9603759674452,14.02580918472335,0.768923141194114,0.0,0.0,0.0,0.0,0.0,0.0,0.0,0.0,0.0,model3,17,2.241687466835906,2.0,none,0,8.0,37.0
1,71,2015-07-29,207,169.3461768734836,446.34724484126167,102.2015294711667,40.67115540615041,15.483978708310412,41.45207894318197,11.13324381467443,6.328787728403406,168.429105399274,459.71335370370736,101.57867020685322,40.31194461644881,3.1913858203332217,10.18659031197023,0.5385920044559307,1.5767921156377682,0.0,0.0,0.0,0.0,0.0,0.0,0.0,0.0,0.0,model2,18,2.1939735051115545,1.0,none,0,4.0,56.0
2,53,2015-06-15,162,168.5921383148025,456.3467494439344,100.7764469782832,40.80898438681189,16.931539688465097,54.91030893724201,9.00317468271818,4.460034113768619,172.15717824234474,446.4422495635405,100.70057545452497,40.10384805007103,2.090445450380586,10.66521597461003,1.595484600204933,1.3694203814566974,0.0,0.0,0.0,0.0,0.0,0.0,0.0,0.0,0.0,model3,5,1.515778553315846,5.0,none,0,33.0,27.0
3,67,2015-01-31,27,166.80371394290157,449.7973027932913,107.43048193015692,40.360979368596,11.823390318842204,44.98199601173876,8.54470122725826,3.716414734094556,168.82381795566664,420.1753884155097,101.9783233090267,39.80596735612321,3.8929566788877463,39.6186510875068,3.3587119668191106,0.9294771618579462,0.0,0.0,0.0,0.0,0.0,0.0,0.0,0.0,15.0,model4,14,1.6841762902197976,3.0,none,0,15.0,45.0
4,49,2015-06-07,154,168.88012077271102,436.6678505496107,101.95995394941694,41.40111816624203,14.983095211469392,58.083119314475056,8.859997489304092,4.653884372233009,169.6586361267159,448.0827471897575,99.586624105763,40.61713535525878,2.1924711559852863,7.114358746589097,1.709474108225435,0.9058640329329418,0.0,0.0,0.0,0.0,0.0,0.0,0.0,0.0,0.0,model1,15,1.1085624289064475,4.0,none,0,23.0,37.0
5,19,2015-03-08,63,168.71997355046557,455.5705523936613,95.83964235285924,40.98125429522154,11.661216248437498,52.16967404042639,7.267222166163919,3.9429943060915833,170.2501126502712,447.7133774427497,99.37895017055791,41.45246857783583,3.905958605619702,13.209942155288712,2.4206253204348998,0.615022942143511,0.0,0.0,0.0,0.0,0.0,0.0,0.0,0.0,0.0,model3,17,2.2572771635260875,2.0,none,0,9.0,36.0
6,17,2015-01-31,27,168.38493949735647,456.2526669262245,100.766864264206,39.82825596328584,12.359431243487716,52.322651605206175,9.78430992919536,5.034510792465156,168.66392365510643,454.35405941199525,102.03887758355896,39.55091252887108,0.7171794041025487,4.30130701125937,1.4600260486920775,1.2801590445100888,0.0,0.0,0.0,0.0,0.0,15.0,0.0,0.0,15.0,model1,14,1.2920089687682896,3.0,none,0,15.0,15.0
7,79,2015-04-17,103,164.43793441582451,457.24320697764006,98.89095157711267,39.9868287223476,12.747926109678987,49.19430081169978,10.247203616240828,4.597475995190285,171.15481145184367,455.10695900562087,98.89421945047084,39.63827404155509,4.126618077559923,10.307779826923968,2.076712371518229,0.6214241515243698,0.0,0.0,0.0,0.0,0.0,0.0,15.0,15.0,0.0,model3,14,1.8338434203785183,3.0,none,0,15.0,30.0
8,13,2015-03-29,84,171.83385763756914,431.3816461799736,102.10245511988326,39.598541760777856,20.252205554516504,38.381838958880095,11.075263656960937,4.851971296877928,170.15731533107643,442.2877155180424,99.87382730864924,39.61434700840554,4.402237062359641,7.944418549628469,1.526876105764819,1.0360869497769132,0.0,0.0,0.0,0.0,0.0,0.0,0.0,0.0,0.0,model1,15,0.032678018913854,12.0,none,0,84.0,13.0
9,58,2015-11-29,329,171.69477583292272,440.6078116460099,97.98847425477396,39.6741409854275,17.915906628815964,53.63680951108921,9.13952800447115,6.203247122607077,169.843310042651,452.6086197105454,98.44703222200816,39.51276925082056,2.156359934464508,9.054251797401458,0.5609388729032942,0.9252186082355004,0.0,0.0,0.0,0.0,0.0,0.0,0.0,0.0,0.0,model1,5,0.7641387869872555,9.0,none,0,62.0,13.0
10,80,2015-05-27,143,173.1358916173321,445.1747935507936,98.0833611696184,40.118320988630096,15.569244872611614,51.48702897430482,11.060941612240882,5.2246154984387925,171.41221098103165,444.4536884341507,100.04441642418182,40.60925021947246,3.170851617738524,8.281052011963503,2.718483500195736,0.5413610015439491,0.0,0.0,0.0,0.0,0.0,0.0,0.0,0.0,0.0,model3,6,0.5029242914542168,21.0,none,0,143.0,46.0
11,100,2015-12-06,336,170.8268450545066,463.5372178925626,100.73119364616711,40.04013973292369,13.06357081601366,53.773110027675415,10.2576785123018,4.627104103501902,169.06519336829484,450.52158456560073,99.53110375512976,39.615887940884335,1.633606834350437,8.770838238535317,0.959831768989764,0.3183684312503855,0.0,0.0,0.0,0.0,0.0,0.0,0.0,0.0,0.0,model4,5,1.2587113953898177,13.0,none,0,87.0,3.0
12,74,2015-06-04,151,172.33594405704108,438.6555814249654,105.64476411566034,40.28896575062318,11.00057552041597,34.67430280111643,13.653924307264456,5.579547394829587,171.83680193766193,446.907784788826,111.23102986148584,40.31788482598803,3.894404045827291,12.338031313059645,11.544087389687125,0.9308384232461754,0.0,0.0,0.0,0.0,0.0,0.0,0.0,0.0,0.0,model4,4,1.5518478261333852,4.0,none,0,27.0,18.0
13,49,2015-10-11,281,185.79325623570836,457.3030756459827,99.93337662951755,50.18511541686544,19.054691458458624,41.70398245090237,11.07284731116245,4.780583763332587,177.46179207930845,448.34503134200713,99.94060620887127,43.49052521950205,10.740260890444157,7.799584097349999,2.2939529937948557,5.287531267420316,0.0,0.0,1.0,0.0,1.0,0.0,0.0,0.0,0.0,model1,15,0.877288638856164,5.0,none,0,29.0,1.0
14,17,2015-09-09,249,173.11990870281343,444.0090776548582,98.88230852750787,39.56165422655792,19.54122274800226,56.61870699770881,7.438161962406592,4.413747743115096,170.49847377652577,447.447718565984,99.25952041215224,40.629002283561896,3.5232686606628003,8.129832969773943,1.143394330959408,0.699100850970321,0.0,1.0,0.0,0.0,0.0,0.0,0.0,0.0,0.0,model1,14,1.5754571033903184,2.0,none,0,11.0,49.0
15,85,2015-06-18,165,174.21922174594042,439.5367657957056,98.55428668075471,40.44336219707413,14.236244182304958,45.31715918495162,11.920143703551236,6.488721853570987,171.40545184322184,445.2738392436796,98.29350120106042,39.97205587394931,2.1625547489675863,12.302247207602898,1.7403898283671984,0.8269889582784581,0.0,0.0,0.0,0.0,0.0,0.0,0.0,0.0,0.0,model1,16,1.5112261607750272,3.0,none,0,19.0,11.0
16,60,2015-03-16,71,168.02769234502708,440.5269418092226,101.83297628889666,38.95370776339946,19.730948179930422,53.14635495677162,7.976531414721625,4.758894145785787,170.32616152159147,437.16258809957407,100.15919525300716,39.31839822805793,3.913778172177017,27.42573294839269,1.9561557419053688,0.4855925848088125,0.0,0.0,0.0,0.0,0.0,45.0,0.0,45.0,0.0,model4,3,1.326930693324939,7.0,none,0,45.0,30.0
17,36,2015-04-25,111,167.33947141458432,437.8851408153644,99.77666492805656,39.72122540142585,18.1665653752102,50.26391805065805,11.424193547564771,4.292517839366084,169.84777140606428,449.1068321271964,99.35791788196876,40.00271365191711,2.911840455442153,17.71570973585795,1.0004337222112487,0.4800189500542924,0.0,0.0,0.0,0.0,0.0,0.0,0.0,0.0,0.0,model4,5,0.9636404443012864,9.0,none,0,63.0,42.0
18,37,2015-11-13,313,170.68150629394538,398.6604720497349,100.12354071147782,37.99801040267206,13.457920907953762,60.95479719957616,8.772320493672561,5.205107739658649,169.0352705006688,439.48644143061455,100.88362329382646,40.038772870542815,2.158703312617917,23.798360577124424,1.658110178967547,1.3135643821231855,0.0,0.0,0.0,0.0,0.0,0.0,0.0,0.0,0.0,model1,16,0.5377885342665109,7.0,none,0,43.0,2.0
19,22,2015-06-14,163,172.66219351100074,451.877522398802,100.07681387170229,40.34779978498107,17.201287853689607,53.999366109643006,12.16850437472766,3.163321461140818,177.7577961511965,456.33212476869113,99.65349143108564,40.02755937147323,13.261337780248992,3.770975730792077,1.1342910674725488,0.4155042552414618,0.0,0.0,0.0,0.0,0.0,0.0,0.0,0.0,0.0,model1,14,0.7574651283969664,4.0,none,0,23.0,7.0
20,20,2015-02-07,34,169.81338868588205,366.56425856046417,102.01449928860173,39.856358983042746,12.598750050733097,48.5909427406006,7.914506251743649,3.802125772192519,169.3352243403097,415.4442876106448,101.7807403688653,40.67446881043747,5.14908231196491,40.08390981332503,2.910939556595591,1.7504467379391853,0.0,0.0,0.0,0.0,0.0,0.0,0.0,0.0,0.0,model2,16,2.3789677299066345,1.0,none,0,4.0,41.0
21,19,2015-05-27,143,171.3518895113954,448.87022215536257,97.9056988256729,40.37527376218163,17.57090448681184,51.03612714550128,10.489607154476142,4.61869833797571,171.23128649970815,455.22697900166014,99.45557404171448,40.32957698705141,3.429330456464764,14.07427958478645,2.2266219777138474,0.8813459897231228,0.0,0.0,0.0,0.0,0.0,0.0,0.0,0.0,0.0,model3,17,1.095756977113728,7.0,none,0,44.0,31.0
22,2,2015-03-02,57,172.73091589197386,447.9653731539205,97.23961083495418,39.50446951497056,12.655250955047954,45.79577225564061,10.007663966900088,4.334480655687734,171.39783222379523,422.8656134327557,98.0241567070258,40.075883743309234,2.4176710343675243,44.72661035041451,1.4375728924822315,0.7062660109809292,0.0,0.0,0.0,0.0,0.0,0.0,0.0,0.0,0.0,model4,7,1.0568033231747027,9.0,none,0,57.0,17.0
23,21,2015-08-15,224,176.84789129015124,455.2374067414673,99.1020028983653,40.67128990501486,14.368718945867146,65.4119569018529,8.454507329688074,4.24424319828686,170.7563211738485,448.1258863928188,99.98509899231723,40.52825727767679,5.05164588642814,7.767611961431602,1.614288940280603,1.481107279353049,0.0,0.0,0.0,0.0,0.0,0.0,0.0,0.0,0.0,model2,14,1.94957935976186,2.0,none,0,9.0,21.0
24,2,2015-10-01,271,173.1239282723359,460.1356294409329,102.90336207632724,42.64081566166468,14.240260688797669,54.82870906063595,9.766882641227468,6.115425190444521,170.56188696570197,453.3251259543604,100.7801441852989,40.691052116810425,2.7090971687046164,7.873413344410905,2.5837932987066563,1.3152532591195012,0.0,0.0,0.0,0.0,0.0,0.0,0.0,0.0,0.0,model4,7,0.1735340898744024,24.0,none,0,166.0,89.0
25,89,2015-04-26,112,173.52576421744303,451.9141700155788,106.45958432543816,38.96049900986613,13.851494830027496,44.71225102582242,9.09047000168072,5.6501325230789,169.813822692545,411.0979153577806,101.407457615732,39.90565716032988,2.1767877589315985,80.23141560123013,3.435119490806631,0.9179409513080063,0.0,0.0,0.0,0.0,0.0,0.0,0.0,0.0,0.0,model3,17,1.317666104443559,5.0,none,0,33.0,27.0
26,25,2015-08-31,241,169.02028504397865,391.4833153441801,100.46593543138994,40.46711710945003,13.79666641498764,64.6695429798871,11.340627747692627,5.857609738484915,178.7392476039103,440.7232589688491,99.97687957979193,39.81034845861828,8.82054165522788,31.382936962420796,1.3887276952789538,1.1977516821901293,0.0,0.0,0.0,0.0,0.0,0.0,0.0,0.0,0.0,model4,16,1.6487212707001282,2.0,none,0,14.0,61.0
27,18,2015-02-01,28,170.7652288195644,455.9563930739675,98.94687027075702,41.5183055599044,15.889751341835256,45.59617100522366,9.276054027575944,6.725030177421664,171.39899937823174,449.48709870088015,100.27500937087808,44.22670430775749,2.6061991021004305,5.497341750020613,1.5205910792791075,3.735470432952276,0.0,0.0,0.0,0.0,0.0,0.0,0.0,0.0,0.0,model3,15,2.5752482724308923,1.0,none,0,2.0,58.0
28,51,2015-06-29,176,173.37213544708433,357.70449937783445,96.7332169260949,40.19840699856884,13.127532041950536,37.582274498187104,11.481827416538485,4.435784940883302,173.60922177467427,417.44942084866807,98.64112692475884,39.75167739216889,3.7021929039701376,44.6349386770161,1.8295948007236245,1.163543447125223,0.0,1.0,1.0,0.0,0.0,0.0,0.0,0.0,0.0,model4,19,1.2672410112918255,5.0,none,0,29.0,1.0
29,29,2015-01-30,26,173.69244997594072,463.9613098875179,120.50665674409902,40.05520459344916,16.421505536469272,40.24110088706414,14.942811046607572,3.4938662796219946,170.1521187735685,453.4422704028913,109.32284404758312,40.059574904847935,2.0118959382439217,12.208344912428712,12.316490321742693,0.603568445297749,0.0,0.0,0.0,0.0,0.0,0.0,0.0,0.0,0.0,model4,3,2.319759263668699,4.0,none,0,26.0,32.0
30,92,2015-09-24,264,164.7885359639501,453.40533818165954,96.90778908488004,39.2213727867183,13.281229890691838,41.732324964458975,13.292777326956006,4.141940880638918,169.97719311955552,450.6069107714893,99.5549011057369,39.54645663780334,3.1407133056594088,6.292625059335533,2.209806045641426,0.7091626158818123,0.0,0.0,0.0,0.0,0.0,0.0,0.0,0.0,0.0,model1,2,1.3171220639457386,4.0,none,0,22.0,8.0
31,18,2015-06-27,174,186.73203463885864,381.3357038869081,101.60090667031488,39.215954040459366,17.140497666529686,68.64626215163385,12.40418022654055,5.754529037218043,175.4197656016116,436.3540309826637,102.0818237344121,42.367860107285054,8.721082093059797,33.518144238317404,1.6238429476011291,4.323226848824863,0.0,0.0,0.0,0.0,0.0,0.0,0.0,0.0,0.0,model3,15,0.8503033063369506,7.0,none,0,43.0,2.0
32,100,2015-01-16,12,170.5489727427522,435.7946885937647,98.9655330295901,40.452658715288514,18.069508602919097,51.66057394169287,11.384923456290318,4.153348008656689,169.73772421697737,446.1993983772087,99.21020695884808,39.89145323463058,1.4592344348648034,7.734847486213467,1.6790741216277614,0.6526975599229519,0.0,0.0,0.0,1.0,0.0,0.0,0.0,0.0,0.0,model4,5,2.4444137270455766,2.0,none,0,12.0,27.0
33,98,2015-01-23,19,174.43515937996222,437.9140410127341,98.80232236713904,40.52154610281565,14.128290387883409,60.04424542100463,9.12420525945387,6.246101789154786,170.70599496881636,457.9034182216252,98.95173818371494,44.377344710140434,5.267769412459958,12.055568817987712,1.8670178132120312,3.421074438904574,0.0,0.0,0.0,0.0,0.0,0.0,0.0,0.0,0.0,model2,20,0.8653871384674148,3.0,none,0,19.0,7.0
34,41,2015-02-22,49,168.95785050030648,448.650011995075,97.1854515106656,39.562360329987264,17.460771709754923,44.12834890404076,10.146375169485951,4.760132941108042,172.06369199799173,451.04100466184775,99.69695721169104,40.14955613803468,3.3092222210744646,5.6730672102932,2.4941967725490226,1.4476651724097065,0.0,0.0,0.0,0.0,0.0,0.0,0.0,0.0,0.0,model4,9,2.2002931555877945,3.0,none,0,21.0,69.0
35,30,2015-01-16,12,169.79132000337358,466.1022843639171,98.18044123134798,39.591258460760336,14.28809893405275,43.06918078026345,9.613270022315913,4.794835256785766,168.49147621396972,414.98741887371,99.68190307176852,44.392356590763306,1.7899911698359947,36.04953415935696,1.6530289987298958,5.2472707058289405,0.0,1.0,0.0,0.0,0.0,0.0,0.0,0.0,0.0,model3,20,2.3514439488933805,1.0,none,0,7.0,68.0
36,42,2015-08-25,233,166.39462869684746,451.7598796360847,99.4004512522099,41.04973476709564,13.54749532595686,47.0671344189797,11.113400100699328,4.736226452469782,167.9379475490495,419.3253571796366,99.60616097779612,42.46838721825587,2.212534597004141,37.31267707952296,1.628039468695681,4.135820627913304,0.0,0.0,0.0,0.0,0.0,0.0,0.0,0.0,0.0,model1,7,2.32653585432989,1.0,none,0,6.0,24.0
37,43,2015-08-15,223,168.50738646190783,438.22508522194295,96.01683423511692,41.3413990562189,18.930286911467277,55.02077623617483,8.826157257482194,3.905420498131664,169.95126526568652,448.622675871738,98.50616392121536,40.9876865757053,3.045793136455626,6.282136621243039,3.436266759134724,0.9988906466677306,0.0,0.0,0.0,0.0,0.0,0.0,0.0,0.0,0.0,model3,14,1.9212900191997155,2.0,none,0,11.0,49.0
38,24,2015-06-25,172,183.6862345269155,460.504826308636,102.52431488711964,40.51157900087494,16.98359222113281,56.25463826637752,10.796480120113271,5.401981740459932,172.89704688585687,447.79420095107537,99.2281747576716,39.93408056834888,6.631081652724828,17.19708391247544,2.00538887794996,0.9059317679890582,0.0,0.0,0.0,0.0,0.0,0.0,0.0,0.0,0.0,model1,20,0.4093058172408986,10.0,none,0,69.0,6.0
39,25,2015-02-20,47,173.6111588470894,461.5599669668234,103.63456850841318,38.298794592170175,18.2865222888508,47.33830728736138,8.489361026017502,5.777931840435015,170.65912843134356,454.76449454401353,101.18921720184628,39.67557474102775,3.3291558681106093,11.86658607835488,2.605354428678944,1.0155697284407426,0.0,0.0,0.0,0.0,0.0,0.0,0.0,0.0,0.0,model4,16,0.507341248128484,7.0,none,0,47.0,13.0
40,97,2015-02-10,38,167.7572555938691,448.2355812646374,124.8487211487316,39.57274853117946,19.88078819397982,41.69532543677809,8.856467334670773,4.783597053266721,170.122455172027,445.5986978206312,108.41185743193196,39.829523464592434,3.195097361270672,3.620040274572849,13.308498909302433,1.1930057605233095,0.0,0.0,0.0,0.0,0.0,0.0,0.0,0.0,0.0,model2,14,1.605899780699929,3.0,none,0,17.0,88.0
41,19,2015-06-09,156,169.62179077246438,444.3494027083634,100.54792251203786,40.31497848764934,12.357924663336735,48.63119947882052,10.481710598132755,4.847399541811021,171.15465546778427,448.0587611922912,100.06179902018452,40.54675291085432,2.697329810504616,6.504841201498058,0.9523563487182898,1.1042715409608015,0.0,0.0,0.0,0.0,0.0,0.0,0.0,0.0,0.0,model3,17,0.8377871985361931,9.0,none,0,57.0,18.0
42,90,2015-12-19,350,165.18320223652867,440.38434369483474,101.07195524261412,38.44578861735269,15.221719527086917,46.05278619452634,11.445188757711312,3.0728183187371885,171.7484887897212,447.728560102605,101.29294899206566,39.57338738300545,4.2807503850816095,4.652348337291935,1.8655327863073647,0.9362663343157704,0.0,0.0,0.0,0.0,0.0,0.0,0.0,0.0,0.0,model2,2,1.3602823761150602,3.0,none,0,18.0,12.0
43,59,2015-04-20,106,171.40234018437732,455.22785536775314,102.46831648957196,41.25259508135903,13.926251755264952,47.16975324221412,9.977383461478254,3.9491984142292536,171.95881389820184,451.6655082457679,100.99351580131136,39.83099756964744,3.381610090541578,5.649606708384959,2.431584868033162,1.0086397642129803,0.0,0.0,0.0,0.0,0.0,0.0,0.0,15.0,0.0,model3,17,1.883001663051492,3.0,none,0,15.0,30.0
44,86,2015-01-26,22,168.59705357476128,459.2274965057915,96.90885908137068,40.53599242704696,13.99966931026855,44.79083817090368,11.145856788635816,6.866359370330001,168.77783275197285,428.5274770479993,99.23688319561153,40.12485782366591,2.822277271885436,36.24783229367378,2.0131690025508435,0.7944277044318034,0.0,0.0,0.0,0.0,0.0,0.0,0.0,0.0,0.0,model3,2,2.6426622415150547,1.0,none,0,3.0,222.0
45,79,2015-04-08,94,169.61801629620376,452.75242363806245,100.95483414751506,45.90121071411151,13.345948812348274,54.44969648233055,12.09922538300446,6.186447956513914,169.64944690254887,449.1851799305306,99.97003591739433,41.04543494487184,2.6158712316455968,6.893095688622186,1.3397527873795965,2.938559334740681,0.0,0.0,0.0,0.0,0.0,0.0,0.0,0.0,0.0,model3,14,2.3223174725191185,1.0,none,0,6.0,39.0
46,36,2015-02-10,37,168.7916780570479,447.8615035850477,98.5797974571252,40.613491551107565,12.883719076755376,48.19228561524896,11.23045494364875,4.90431036540708,171.99460015899226,449.67997155653273,99.63762142469044,40.264032841100494,4.049822774092865,16.328967576307377,1.1078124103205884,0.5775623864840592,0.0,0.0,0.0,0.0,0.0,0.0,0.0,0.0,0.0,model4,5,1.4783794210404335,6.0,none,0,37.0,11.0
47,66,2015-06-27,175,167.25359241794104,441.2995532092654,97.94540484349598,40.81029827744115,14.814112740232032,46.72311560332372,10.15053052624034,6.216916546486238,170.4429438283854,447.37346531689457,98.8919700319307,40.19467398286407,4.066089692877755,9.519578804956062,1.2237158916709725,0.630996392791854,0.0,0.0,0.0,0.0,0.0,0.0,0.0,0.0,0.0,model4,6,1.240503370727888,6.0,none,0,39.0,96.0
48,40,2015-04-05,91,167.58004625466845,451.31087811419934,98.21292665327304,40.39788453234578,14.056068657110613,42.72943261335447,10.012809118143544,5.082080776003473,178.6752831004856,443.56549744445584,99.98507320433808,39.8461292088836,10.523024161381928,15.06557273418963,1.8393927151874403,0.9783790542082416,0.0,0.0,0.0,0.0,0.0,0.0,0.0,0.0,0.0,model2,4,2.6559744031589605,1.0,none,0,1.0,59.0
49,44,2015-03-22,77,173.18975236114605,377.2868387748605,100.53198870075944,42.50122467295931,13.44237938195339,53.32412702884317,9.22333141673709,5.473169267764748,169.0755297405723,441.8128409184251,99.60667509595046,40.37150796766449,3.9154031563898055,37.274176313157696,3.024300186276836,1.6254231864297688,0.0,0.0,0.0,0.0,0.0,0.0,0.0,0.0,0.0,model4,7,2.4554378232266543,1.0,none,0,6.0,84.0
50,21,2015-08-18,227,170.61460328965074,450.4585992764912,99.5118275601482,40.01640566525382,14.66508148873453,47.06675016337156,8.317622377362722,5.482487318675577,171.15853484671652,445.6713391108557,99.55091349447072,40.241163318584704,4.051144198830574,7.212877887326325,1.1304561924569492,0.8400664381814347,0.0,0.0,0.0,0.0,0.0,0.0,0.0,0.0,0.0,model2,14,1.745111031188023,2.0,none,0,12.0,18.0
51,72,2015-01-31,27,174.52050210542836,441.5052444401033,100.0250546294423,39.80081591853951,9.31189427784248,45.62515532490799,7.921816725960078,4.713754895816058,170.45162155034106,445.96001178675806,100.65426115257463,40.6967080072843,3.7223249050555216,6.1802458304708185,1.388674735731629,0.8599773602887163,0.0,0.0,0.0,0.0,0.0,0.0,0.0,0.0,0.0,model4,2,2.17861319347588,4.0,none,0,27.0,52.0
52,55,2015-10-03,272,170.53944286577195,458.4468580993176,102.00927966709692,39.459447786986445,15.239459252792807,40.64318884268596,11.190048001968632,5.145631653194848,169.58129870053943,450.3541674976843,101.15904125183776,39.98867754272203,2.4674392746399434,9.998340763013148,1.6362674704178484,1.0358926546687566,0.0,0.0,0.0,0.0,0.0,0.0,0.0,0.0,0.0,model3,17,1.319309420927154,5.0,none,0,30.0,60.0
53,79,2015-06-09,156,170.23933182461607,439.7050289918216,99.10981651332268,40.62587091451453,16.548779548032492,44.119788789890414,10.974090599397506,5.380550390762724,172.0305229317609,447.84165847585183,99.53494768674578,40.503545642968085,2.777909415166792,7.505941455772415,0.5958964557021793,1.1113352826861953,0.0,0.0,0.0,0.0,0.0,0.0,0.0,0.0,0.0,model3,14,1.4866146050498938,4.0,none,0,23.0,7.0
54,100,2015-01-27,23,165.0029454145218,445.40356996965096,99.38810177730488,42.46018926633101,13.223419686641966,55.53606655669228,7.5889658518225716,4.921320711397857,168.85679214271926,450.2541601719509,99.69818456885024,40.5518756928225,3.097556240801294,9.488079505458222,1.945040158828961,1.2533518203367089,0.0,0.0,0.0,0.0,0.0,0.0,0.0,0.0,0.0,model4,5,2.2176768344687883,4.0,none,0,23.0,16.0
55,96,2015-07-17,194,168.6984773310464,447.2772520543148,109.0154786085388,40.6819071611632,18.18246248379429,51.51587797348494,14.415831513286289,5.546722637179399,172.1904716590288,456.0335846076838,111.0343410608018,40.35161019659206,3.208798923820516,13.491771791943831,10.109907891508051,0.7654820062622079,0.0,0.0,0.0,0.0,0.0,0.0,75.0,75.0,0.0,model2,10,0.9564103275236926,11.0,comp3,1,75.0,0.0
56,57,2015-05-25,141,168.38584651622236,426.5749693051783,102.18540954482737,40.03695961443314,13.874522900082946,43.859907877957134,9.538950024650768,6.911616174408927,170.83714237553187,446.8090316284835,100.66389537375088,42.76633602153133,2.259645516638991,13.04270671219688,1.2200709551941389,4.532892144672898,0.0,0.0,0.0,0.0,0.0,0.0,0.0,0.0,0.0,model4,10,1.344540920281434,16.0,none,0,107.0,163.0
57,62,2015-09-19,258,170.10511584161284,443.8798802276721,98.7008474156785,41.35300214801234,15.65255997482564,46.997826033364845,8.392196461352103,4.700295045879469,171.13883260497363,450.12009775068,99.10940058071004,40.51273735945951,1.9228226190756663,9.14261908728033,0.9315547741644976,0.8839055103651422,0.0,0.0,0.0,0.0,0.0,0.0,0.0,0.0,0.0,model4,20,1.2571076411589768,6.0,none,0,39.0,81.0
58,88,2015-06-19,166,170.00264847780792,456.93481245565664,100.36202028884692,38.82735973778532,14.9797430929992,63.48541606786127,11.490702198321138,4.8536947445875205,177.40196830396505,450.5779042446319,100.96405770525315,39.728518786310666,8.637020273090995,7.733816478242956,2.8169347715854323,1.228274163737905,0.0,0.0,0.0,0.0,0.0,0.0,0.0,0.0,0.0,model4,14,0.1485098749253273,11.0,none,0,76.0,14.0
59,80,2015-08-31,239,173.92463551699794,451.7592046709174,97.2828109532052,39.19073709793616,15.897274606662307,55.484087176266456,10.018222780093517,4.89072064509279,170.27084615951915,443.89371528534775,98.28345716935571,40.38840840263502,2.9298621800372824,10.971595429855276,2.22702023008593,0.9010816992793124,0.0,0.0,0.0,0.0,0.0,0.0,0.0,0.0,0.0,model3,6,1.5068622346706644,8.0,none,0,50.0,10.0
60,1,2015-12-06,336,169.20377397516327,460.49272006337134,98.412001413449,41.22372669616316,14.2872898212504,49.02233768717229,8.985466740593504,5.3023714305332765,170.38391383468095,446.82718137209247,106.8514533547534,41.02492483820717,2.1836972246855364,17.279739203831525,12.177071027082802,0.8238923012334239,0.0,0.0,0.0,0.0,0.0,0.0,0.0,0.0,0.0,model3,18,0.9885058744059088,8.0,none,0,50.0,10.0
61,25,2015-02-21,48,175.74997305686577,449.0209532802483,100.81663254902952,39.82242332117431,11.041080968525586,41.48886194084267,10.580411555619024,6.614485722519416,172.8150855325208,456.9273533073171,101.96869355541708,39.76454074153619,1.913440012585224,8.641470276705546,1.2267615861615704,1.0023378078854706,0.0,0.0,0.0,0.0,0.0,0.0,0.0,0.0,0.0,model4,16,0.4895416595569531,7.0,none,0,48.0,12.0
62,33,2015-02-09,37,169.8669469013156,445.3462300814001,100.5169447241064,40.406635670900606,16.742162538204116,53.44358159151444,12.467860021623752,4.965905912693773,169.94779369827614,449.8910918993996,101.24286085548002,39.63164263548301,2.944686118097336,2.788941486121207,1.5243277938093025,1.1956493701918522,0.0,0.0,0.0,0.0,0.0,0.0,0.0,0.0,0.0,model3,14,2.0137527074704766,2.0,none,0,9.0,51.0
63,41,2015-08-12,220,166.30226912398558,440.3995501340773,100.8678969733168,40.6549069468321,14.687572865228924,47.08106543087324,9.556371344651646,4.423919274298486,169.6666227712937,446.4922975765935,100.6410608246908,39.61480856788259,4.322018055843166,7.722634562298248,1.2771061164918724,0.8963763589232028,0.0,0.0,0.0,0.0,0.0,0.0,0.0,0.0,0.0,model4,9,0.9735115035144274,15.0,none,0,102.0,78.0
64,99,2015-06-09,156,167.02560532926168,472.1356172390153,102.51795564912834,40.422775634967046,11.194097058151344,41.47867673126299,6.552030917033325,6.096460729998524,167.55438903356662,446.8752684342268,100.47400101070068,39.46776206678005,2.218154936058557,17.43484652368884,2.123728479889269,0.8001736327664823,0.0,0.0,0.0,0.0,0.0,0.0,0.0,0.0,0.0,model1,14,1.884610051431672,1.0,none,0,7.0,23.0
65,23,2015-07-05,182,166.950589449106,471.81430216668736,100.88580179765088,39.64541413479102,17.200181058072502,42.1066810904434,9.901549958799846,4.0971388890636735,169.801887359988,454.3971450995974,100.54822494215774,39.90044474560794,2.6688541118517164,16.210473147063595,1.660741459380067,0.1883711895421564,0.0,0.0,0.0,0.0,0.0,0.0,0.0,0.0,0.0,model1,17,0.9276094290372134,5.0,none,0,31.0,14.0
66,48,2015-10-01,270,166.2452721735496,457.82845164470814,100.55173345070556,39.94565415993555,12.524978147992352,58.000257282597005,9.010127870808471,4.733134118445216,176.44483110471006,449.2405646526116,100.33314241823456,39.98300536414658,10.53810487864985,7.399109651386738,2.431236352863385,0.5869206215660163,0.0,0.0,0.0,0.0,0.0,0.0,0.0,0.0,0.0,model4,10,1.6089310792580729,4.0,none,0,23.0,37.0
67,55,2015-03-01,56,163.78525967868026,439.7517746844963,100.65281916498468,42.22914149212696,16.61087736173925,57.30456761387334,9.303317005232095,4.9193655459252925,167.9903224724208,416.57196647609015,99.64152620963178,41.06229035189536,3.979902484381886,42.51112623607602,0.8699673496784631,0.7046235048979029,0.0,0.0,0.0,0.0,0.0,0.0,0.0,0.0,0.0,model3,17,0.705112728506542,8.0,none,0,56.0,6.0
68,8,2015-10-04,273,169.68457991790817,450.6317918992221,100.81929392822782,40.48899326404788,15.081108851649574,39.79744998188233,9.731736780358858,5.454181990579121,170.78493293979463,450.9857940453006,100.8067365811592,38.82994617486928,2.484974158980985,9.80253405897687,1.7174281556310362,1.2168311331066004,0.0,0.0,0.0,0.0,0.0,0.0,0.0,0.0,0.0,model3,16,0.939208509071701,9.0,none,0,61.0,14.0
69,57,2015-09-22,261,168.10511439464682,433.9641886279744,101.82335270093256,38.89124156871053,13.916900202958384,43.01077937231395,10.887072457946196,4.776537398231378,168.7061819230831,449.5423338479148,99.83921656430542,39.92107315104757,1.284007896170555,14.241595670148682,1.708446316680306,0.7663697075108165,1.0,0.0,0.0,0.0,0.0,0.0,0.0,0.0,0.0,model4,10,0.6105341479292629,33.0,none,0,227.0,43.0
70,47,2015-11-03,303,164.71287025558243,438.5672031971401,96.38427225482351,39.16665011602376,10.843343987716484,54.02598593834525,9.698632884119313,4.688505629339908,168.3612422455973,455.0263953090749,98.97183062433348,39.86459876425285,4.270124692061041,14.9659405003174,2.499078727241192,1.1908324972502913,0.0,0.0,0.0,0.0,0.0,0.0,0.0,0.0,0.0,model2,6,1.874930193453964,2.0,none,0,13.0,17.0
71,7,2015-06-06,154,166.34128404435282,468.6719467612765,100.91389366081468,41.11572648033589,15.760985120434622,54.41290667826853,11.943706898261992,4.502973549949549,169.37517564123146,452.6060386670548,99.92101348249432,39.36627433305138,3.093093005412512,19.534498900438876,1.0267890189897115,1.5907252820336848,0.0,0.0,0.0,0.0,0.0,0.0,0.0,0.0,0.0,model3,20,1.7473033461317666,2.0,none,0,13.0,32.0
72,24,2015-10-18,287,171.7456089615919,441.7557960387367,99.84643603422728,39.91993253202874,14.35608966637429,46.99031536312596,10.677146127327982,5.072086336687363,168.79731716272423,454.55706600532113,101.41861284936004,40.01101821807293,3.4276541531307725,11.999235226031937,4.884983999822082,0.4770177703016985,0.0,0.0,0.0,0.0,0.0,0.0,0.0,0.0,0.0,model1,20,2.435723657788037,1.0,none,0,4.0,26.0
73,19,2015-06-02,149,165.8917759379208,451.70684564006245,97.66913835618509,39.44716534941238,14.698940312082703,46.56579348264478,10.132707119788828,4.635114251568917,170.81530584685595,454.6626211210401,100.39898196347532,39.75655947635728,3.133647173955407,9.368229240383174,1.8007052683160767,1.1941668703983503,0.0,0.0,0.0,0.0,0.0,0.0,0.0,0.0,0.0,model3,17,0.9680724227815468,8.0,none,0,50.0,25.0
74,92,2015-09-25,265,169.02217544111775,439.8089629403189,99.56787504929628,40.16716394876676,14.031496027988718,64.5423571987825,7.40547943704738,4.935333663146718,169.32301938375042,446.8815700310482,98.90571314520444,39.69193669626054,2.86642184611341,6.006329188114637,1.3043576498426883,0.7549368184877886,0.0,0.0,0.0,0.0,0.0,0.0,0.0,0.0,0.0,model1,2,1.2744503276183334,4.0,none,0,23.0,7.0
75,22,2015-09-19,260,163.13758175620487,424.8835390496758,99.4334607405187,41.0091546768595,12.003847637351775,64.46036727851826,9.778248766929098,4.619993257770156,169.51152156013526,410.1719596796177,102.15260747284394,40.08991084140668,4.376126489113036,37.82068590810605,2.103094127649112,1.072493835677082,0.0,0.0,0.0,0.0,0.0,0.0,30.0,0.0,0.0,model1,14,0.513417119032592,5.0,comp2,1,30.0,0.0
76,86,2015-02-10,37,171.44292160288333,445.11478094667206,99.2646021465493,40.568977147619286,15.779085226733784,46.31651830128783,9.639281881329072,4.397746573792406,169.8168936887448,453.6544313617623,98.82779741998957,40.34560239183224,2.8632370487216736,7.502289202289891,1.8339208984969688,0.3531654960741255,0.0,0.0,1.0,0.0,0.0,0.0,0.0,0.0,0.0,model3,2,2.294972826494023,3.0,none,0,18.0,207.0
77,83,2015-12-02,333,165.79354301483318,464.3367482850975,98.72559708875144,38.99773784506624,16.778778401022972,41.845819419192736,10.9848674225772,3.6989689120267184,169.2894041883834,451.1967639708495,97.74814231292352,39.54494457004075,3.574018360067544,13.28182396029585,2.79101461327372,0.7597591202626759,0.0,0.0,0.0,0.0,0.0,0.0,0.0,0.0,0.0,model4,18,2.1508007623131022,1.0,none,0,5.0,25.0
78,19,2015-04-27,113,169.67822320781593,462.0986009817223,101.08978035901298,40.214541370299,16.695149985825747,44.000908515589984,9.702326116298668,6.0712313235166455,167.95421510978068,426.4182925366116,100.33760696635912,40.40930815711467,2.015185226279126,35.22728178012963,1.7149565884410318,0.4289120454498862,0.0,0.0,0.0,0.0,0.0,0.0,0.0,0.0,0.0,model3,17,2.0358521013512942,2.0,none,0,14.0,61.0
79,60,2015-02-24,51,186.4807743553424,448.5532845324557,99.66669114401004,40.9939573716162,15.395517593192183,45.59134526147288,9.573160849076157,5.50052969342308,178.91891794665074,445.7901989224432,100.98166914466084,39.13624847078356,8.153441757542387,17.386567148395642,2.15225233454876,1.1624445155393357,0.0,0.0,0.0,0.0,0.0,0.0,0.0,0.0,0.0,model4,3,1.8250248903657171,4.0,none,0,25.0,50.0
80,53,2015-02-08,35,170.40489932479127,449.2895808369946,99.63254921113248,40.48140237448405,11.180633456531616,57.39411261446257,12.328848725741627,4.225651748275369,171.15336805240014,454.9327993437798,99.53769019859376,39.85682935602716,1.2837917008064357,3.660372892986857,1.2580699842893666,1.056575411610359,0.0,0.0,0.0,0.0,0.0,0.0,0.0,0.0,0.0,model3,5,1.463061229898987,5.0,none,0,35.0,49.0
81,65,2015-05-31,147,177.85029499026743,455.1963864504481,102.03722227900482,41.36004416831211,22.76652874491777,46.73114262039744,12.9251250522669,4.878690944515383,179.0312673508772,445.0124831888028,99.35973940224451,40.900671326197774,7.206120361236161,12.320604516039806,3.202750064435861,0.8764538881635029,0.0,0.0,0.0,0.0,0.0,75.0,0.0,0.0,0.0,model3,15,0.2584789094739671,11.0,comp1,1,75.0,0.0
82,76,2015-05-18,134,171.08864700959714,450.3333676416029,100.74800202035,40.99256018981127,12.05586709024004,48.07911672115846,9.964061152440712,5.236667810586106,169.18156679592488,420.8623171919842,98.51377837433188,40.42580604964347,2.1921873415483835,35.1553516681314,1.483296262387792,0.8039140342025546,0.0,0.0,0.0,0.0,0.0,15.0,0.0,0.0,0.0,model2,10,1.803385358997421,3.0,none,0,15.0,90.0
83,73,2015-08-08,216,172.6029414495192,367.3806082552376,98.40156219325202,40.3792175163593,16.847769225455913,50.08868193847631,9.81850863479016,4.555732146223986,172.75358302115595,424.05278363903017,101.48898731246337,40.306393049328975,1.4506274665486316,43.69145397009857,3.158423566242348,0.5516196971100213,0.0,0.0,0.0,0.0,0.0,0.0,0.0,0.0,0.0,model2,20,1.348213641652317,4.0,none,0,23.0,22.0
84,56,2015-07-23,200,169.95407519141614,446.85479690619337,100.85743494242035,41.24467638111485,12.818065678856025,58.69452132893725,8.374790457010057,4.819498423360464,170.01872044808232,451.179553085552,100.6740033190765,40.00930141210657,0.7323585411508016,4.059272920204585,1.081092087964677,0.9637163508879782,0.0,0.0,0.0,0.0,0.0,0.0,0.0,0.0,0.0,model1,10,0.711213848534045,6.0,none,0,40.0,65.0
85,74,2015-10-15,284,169.8578479372511,456.6620902442788,100.3576559887806,41.26631713196381,12.98568411932994,44.3332148448878,9.398828730123457,6.041120737155702,170.7623236506434,461.5624455429767,99.70833591538026,40.479232901726746,3.8025376128938384,8.93881649792791,1.301029788428182,1.1386234206420542,0.0,0.0,0.0,0.0,0.0,0.0,0.0,0.0,0.0,model4,4,0.4654708140240616,13.0,none,0,85.0,5.0
86,40,2015-02-12,39,171.50820289877868,434.1966958532553,102.9784592118608,39.42380361929418,15.60728197660732,46.3359545531544,10.066368215109202,5.953989187645748,171.2954538698528,450.7318640058462,100.54155875514796,40.213232173265176,2.926858691389548,11.001618001492083,2.017268470343079,1.4313340666588656,0.0,0.0,0.0,0.0,0.0,0.0,0.0,0.0,0.0,model2,4,1.100376257854908,6.0,none,0,39.0,6.0
87,26,2015-05-26,142,171.30693708524225,448.5990557698756,101.7600564730092,39.07956576289912,12.726386182671463,47.031986073027646,10.978084450583044,5.022141526328754,170.57866443990267,446.7933571268912,100.83166021620715,39.770812768382925,3.6499896689675695,12.710768309939183,1.1609260919165665,0.8181713696039474,0.0,0.0,0.0,0.0,0.0,0.0,0.0,0.0,0.0,model3,3,1.055091781949325,8.0,none,0,50.0,85.0
88,74,2015-03-26,81,170.38403223926016,443.5263733444574,102.4585844939449,38.74648284539881,14.464089903843115,43.65346045062631,12.001049171881744,5.305820266984017,169.5920524789377,446.74225314074994,101.86182214099652,39.38685581153812,3.896188132723975,8.925059477336305,1.4116161024368763,0.9577905801187966,0.0,0.0,0.0,0.0,0.0,0.0,0.0,0.0,0.0,model4,4,1.9099151624935604,3.0,none,0,17.0,43.0
89,49,2015-02-15,42,165.22195390882163,401.48958078798,95.91016372539202,41.59600362861666,17.728771149681087,73.14339826763563,11.656588167736905,4.815600570727459,169.7520144320379,435.3984285572636,104.30336427046068,40.62338475066117,3.080419726691177,23.89560974597561,10.550955934815908,0.7836687016368806,0.0,1.0,0.0,0.0,0.0,0.0,0.0,0.0,0.0,model1,15,0.5284098801036378,6.0,none,0,42.0,14.0
90,25,2015-10-12,283,168.66830825448972,438.0891922693813,121.11511983054884,38.69166806682637,14.350295219333477,47.73334310526535,10.920176440206248,4.50916540889313,168.17631494489893,452.6687523326688,104.2621167983179,39.88446896551353,3.2605338744060948,10.740556601718149,9.608732644402178,0.9269038763690898,0.0,0.0,0.0,0.0,0.0,0.0,0.0,0.0,0.0,model4,16,0.3678794411714423,8.0,none,0,56.0,19.0
91,46,2015-05-31,147,170.34792471045273,430.8234924097078,100.57712803941816,38.76415200515364,13.88585365776579,49.42984386066617,8.981514348946106,4.517175774771295,169.23225530203425,441.9898226383043,99.45675198154632,40.11696956997587,3.976436477532873,11.078510903461977,1.6811865626824147,1.2904003686040215,0.0,0.0,0.0,0.0,0.0,0.0,0.0,0.0,0.0,model4,10,1.4704668527922238,14.0,none,0,98.0,172.0
92,32,2015-08-07,216,209.71830570132283,456.167163263108,101.75894242755676,40.09648613950897,11.823284173029048,38.16752093532257,9.72608020535491,4.308704119415262,183.07282196749316,455.104250750482,101.0281987353946,40.48330374971346,20.226678645505103,12.993847388229677,2.8705628994662917,0.4198704611563148,1.0,0.0,0.0,0.0,0.0,0.0,0.0,0.0,0.0,model4,15,0.4922651110198138,7.0,none,0,44.0,1.0
93,60,2015-03-08,63,170.3295921313564,458.2843062166251,95.45362078790042,40.05489774005672,16.891982024270366,50.08872347003941,13.016327308073237,4.238056521491842,171.27904619947404,446.0735415282473,99.85096057606516,39.94684549026771,4.212012578514158,11.441197565595544,2.7883367865520574,1.1927685632655631,0.0,0.0,0.0,0.0,0.0,0.0,0.0,0.0,0.0,model4,3,1.507358175219474,6.0,none,0,37.0,38.0
94,23,2015-11-05,305,168.35927305398766,441.4074199578201,98.20240365927084,41.03239040823311,13.666468949895377,45.05842512308612,8.277255295122613,5.471751473506553,169.39088260015757,450.9901768849471,101.40664699618546,40.650690978551786,1.8225506781888885,7.584988369399934,1.842428100828355,0.5923207645899808,0.0,0.0,0.0,0.0,0.0,0.0,0.0,0.0,0.0,model1,17,1.4064101464798244,3.0,none,0,19.0,11.0
95,51,2015-07-25,202,165.54574687551226,445.1552333778778,97.38563133907174,41.16654406502602,13.28512985918293,58.10164855353759,10.32225026099877,5.409817532555306,167.83790747922964,443.7493689058703,98.87941893939824,40.57524987763388,3.749846392500354,10.502878586110931,2.3679772822687584,0.6184794517503767,0.0,0.0,0.0,0.0,0.0,0.0,0.0,0.0,0.0,model4,19,2.0893272104203744,2.0,none,0,10.0,50.0
96,65,2015-07-29,206,172.39913776406854,448.414730296985,98.34411236706396,39.7684492304561,13.863796319349904,48.10548541260281,10.365311020405883,5.706827663975025,170.18202555534802,442.3761909322708,99.67338473190416,40.55137620499013,1.963848848928422,10.191856739939183,2.4603020808975824,0.6285970570551488,0.0,0.0,0.0,0.0,0.0,0.0,0.0,0.0,0.0,model3,15,1.0943888487175055,5.0,none,0,29.0,16.0
97,89,2015-03-15,70,167.23453499459828,451.9291599643731,103.87744644965,39.522988671311374,14.976241617380976,54.91641984214765,7.406802218289043,4.123656004130773,169.77471649928242,443.1336437210135,101.0273735282244,41.86181251754466,6.12689010412362,8.261770952488744,1.9571308713447573,4.867158003025976,0.0,0.0,0.0,0.0,0.0,0.0,0.0,0.0,0.0,model3,17,1.2337167338563295,6.0,none,0,36.0,9.0
98,85,2015-11-24,324,170.6068364036618,460.7717070596694,99.57525544901324,39.33315765761362,15.318053454021705,47.63585917743825,13.716123449370086,4.390021362525626,170.39443637441295,450.2789845461196,98.5578064764956,39.51319600794163,1.434605967610218,9.96483083739763,2.7118468118197545,0.9127287536245272,0.0,0.0,0.0,0.0,0.0,0.0,0.0,0.0,0.0,model1,16,1.819050400105184,2.0,none,0,13.0,17.0
99,32,2015-07-14,192,174.55285214175808,449.80103010109787,102.61597835826252,37.91183998735716,23.109995479663077,48.05758047935019,8.469142777995721,4.7474713696675765,171.72037107130336,441.67677112087057,100.17048723627434,43.44234713552464,4.016822856399522,11.741455175029522,2.763092779832866,5.514374442948234,0.0,0.0,0.0,0.0,0.0,0.0,0.0,0.0,0.0,model4,15,1.2501967899383573,3.0,none,0,20.0,25.0
100,52,2015-09-10,250,172.08090582592388,467.81408481120894,97.61288684882562,40.25761315507971,17.889240870626242,50.653708747232514,11.881297659422296,5.009516216806049,172.37221695004504,451.0859618258068,98.96111217247098,43.90061335189441,0.9491940050077516,16.256245847736228,1.1501987016003443,3.8586398443195935,0.0,0.0,0.0,0.0,0.0,0.0,0.0,0.0,0.0,model3,14,0.841868756910948,6.0,none,0,39.0,51.0
101,18,2015-06-14,161,165.94882285019204,453.2799438150368,103.80242915210954,38.66318324198675,20.46460212500553,55.29995821908136,9.666055264502464,4.625411898573555,167.9079699156527,452.1213523200285,100.99298735250903,39.763457965592224,3.194294313915483,17.17998615359284,2.14751853915772,1.2880202215279652,0.0,0.0,0.0,0.0,0.0,0.0,0.0,0.0,0.0,model3,15,1.2082695223920057,5.0,none,0,30.0,15.0
102,2,2015-12-12,343,175.6268930246041,440.0693736546627,97.98747786177074,41.93927563466958,16.50459534572675,44.03953095511642,12.409206205285097,5.508628008623239,170.95596602722793,442.3484966655237,99.86818207618128,40.291045572220064,2.8056283584561617,3.8144222642890817,2.8634993405709883,1.572482284764097,0.0,0.0,0.0,0.0,0.0,0.0,0.0,0.0,0.0,model4,7,0.0526151393022847,34.0,none,0,238.0,17.0
103,44,2015-05-25,141,169.08718075035145,434.50445830103627,102.27407430562216,39.18285733840718,16.91443189948638,39.75281678432354,8.577035596893687,4.740583195249153,170.3927575035162,443.5106911451306,99.74343910802186,39.92169453698856,2.2212139370837827,8.485934454346864,1.77396748083303,0.7341964291901945,0.0,0.0,0.0,0.0,0.0,0.0,0.0,0.0,0.0,model4,7,0.8299077923092969,10.0,none,0,70.0,20.0
104,2,2015-12-22,353,168.37988897403935,456.3549825110208,98.9532173363272,40.79302647612544,15.380212876925103,46.42603948075424,11.462582088524249,5.047216543803635,172.32515695157173,448.1234804011024,99.9155824366362,39.08441590157092,2.7113319596513072,10.68920601520188,1.141332583679043,1.4922257768038014,0.0,0.0,0.0,0.0,0.0,0.0,0.0,0.0,0.0,model4,7,0.0445787835824356,36.0,none,0,248.0,7.0
105,97,2015-03-20,76,186.80986850832173,482.9446325824158,105.44079166385552,38.25179265355779,11.109321164474762,59.6025672089346,10.726162058671015,4.690754057466351,175.66935159453928,453.5867099135115,101.21879603323626,39.37174122757556,6.437092461845405,20.811403024271662,2.4869493360990487,1.054608579190344,0.0,0.0,0.0,0.0,0.0,0.0,0.0,0.0,0.0,model2,14,0.4952035555006169,8.0,none,0,55.0,50.0
106,54,2015-02-06,33,171.5919063211028,471.9817351460676,100.00053675373152,39.53385878821327,13.41190212506805,54.32087523345331,9.993270051485464,5.462948517647951,169.9455078678652,452.75304062246033,99.98483428336218,39.326796675790845,3.0432158601954247,13.7046595738367,1.8852293003866296,0.858040271925158,0.0,0.0,0.0,0.0,0.0,0.0,0.0,0.0,0.0,model2,10,1.9957326698030664,4.0,none,0,22.0,53.0
107,30,2015-09-21,261,170.77140356018342,448.99259020389417,103.89117695185492,40.64114596176936,10.008812034907924,49.22873971549113,10.584018216207674,5.702763044456546,169.58691944619756,455.0104767355794,102.05156950571735,40.11228990111256,1.476902850068832,11.93416234446634,1.8172926413765824,0.662594287757822,0.0,0.0,0.0,0.0,0.0,0.0,0.0,0.0,45.0,model3,20,1.070415977858323,7.0,none,0,45.0,75.0
108,13,2015-03-18,73,169.30473787360714,461.5821767397387,103.22880633569729,39.9837634991689,16.44750395360366,49.41613554265283,10.39908552926877,5.615354663832677,167.81086567833697,452.9025134906093,102.56450845710802,44.32734718842487,2.9061675043862025,17.00028245646567,1.7436368003085794,4.11309040994826,0.0,0.0,0.0,0.0,0.0,0.0,0.0,0.0,0.0,model1,15,0.0583027939468183,11.0,none,0,73.0,24.0
109,29,2015-03-30,85,167.8516647186079,444.052727943053,100.48436470544176,39.85796948865231,12.892206618309682,43.90661548790493,9.65656868942611,5.953079271303687,169.2753992500389,452.9155429107821,99.46663251061024,39.80897984537026,4.561989637007094,7.246420099268541,1.6047698419424723,0.3593010976475361,0.0,0.0,0.0,0.0,0.0,0.0,0.0,0.0,0.0,model4,3,2.3056574272060493,4.0,none,0,27.0,243.0
110,69,2015-05-16,132,165.77431020173066,456.3994765378195,100.55209089142475,40.69033770949768,14.780560485791598,52.38579159834469,9.779361331883685,4.8676893849539296,169.33454481789084,450.283777386209,100.3566872883888,40.40764933063226,2.5038227585456587,5.3338564060161415,1.3397791259766685,0.6671972092678453,0.0,0.0,0.0,0.0,0.0,0.0,0.0,0.0,0.0,model2,19,1.1459255196312306,4.0,none,0,26.0,4.0
111,65,2015-03-23,78,170.77998942297032,440.2914367433488,98.50620477287454,40.5278809394233,17.809517245239633,67.0727775342129,11.068050863274689,5.396922311398964,172.0842703825747,410.9710952758418,99.86105591401656,40.37279368642756,2.137165957308544,37.863215488593056,1.200429504844419,0.6688002968044587,0.0,0.0,0.0,1.0,0.0,0.0,0.0,0.0,0.0,model3,15,2.2518783853861466,1.0,none,0,6.0,69.0
112,39,2015-11-25,325,168.3617723671802,454.6397699378516,98.06363319565288,38.49843999103869,15.19919795105823,48.97247842640013,10.623321333655756,6.082210735656547,172.58847207252765,418.9510092060915,99.80470509427192,39.78629484692125,4.517632282117183,45.720959257283305,2.621371101075808,1.7097459809576834,0.0,0.0,0.0,0.0,0.0,0.0,0.0,0.0,0.0,model4,0,1.6790149512555903,7.0,none,0,43.0,32.0
113,45,2015-10-02,271,166.46817053302183,451.0145691038968,106.03760830924544,49.94297169609866,18.08810280531612,52.99430459073722,16.752883517325913,5.2410574417735045,167.150715104677,448.53416034312033,110.97838933515092,44.59208886048431,3.959909590592325,6.208361387615383,10.939122937886856,4.9792406458671925,1.0,0.0,0.0,0.0,0.0,0.0,0.0,0.0,0.0,model3,14,0.640475407315276,11.0,none,0,73.0,17.0
114,56,2015-06-20,167,164.92256480157752,452.4196449883697,101.3142254107466,41.08785820229248,14.121539941231722,62.89898359392656,8.208650065804232,4.9283571180180346,168.08564013140725,451.92906137973387,100.50148821886452,39.674780435045726,3.6141713770201074,9.3366900461611,2.550862176196352,1.0545536173011274,0.0,0.0,0.0,0.0,0.0,0.0,0.0,0.0,0.0,model1,10,2.149774877443813,1.0,none,0,7.0,98.0
115,88,2015-06-18,165,172.93141192582493,441.8698339519828,103.97502875702772,41.03037360106731,12.46503775698316,38.47714779174672,9.29302295577489,3.3635261644868777,178.20473744500944,448.8673334616505,101.45793564815676,40.312315635931,7.935392026482302,6.874396387858969,2.900235528002217,1.3775037915008408,0.0,0.0,0.0,0.0,0.0,0.0,0.0,75.0,0.0,model4,14,0.1543006265513318,11.0,none,0,75.0,15.0
116,17,2015-07-31,209,171.83374431345018,420.8931351972703,101.94083230498164,39.59432375524158,14.799861030976844,59.6830002238018,10.049964368120053,4.136303725424286,179.82863774954998,442.224314185468,101.73440845015398,40.35826208157509,9.604962456482768,12.25082023373905,2.976898020375799,0.9287635185983556,0.0,0.0,0.0,0.0,0.0,0.0,0.0,0.0,0.0,model1,14,2.586778355171401,1.0,none,0,1.0,29.0
117,31,2015-11-03,303,172.90197839781294,424.6497007249014,98.59031241563996,38.415844058158974,12.432210188725954,55.42874063826666,12.02425923551257,5.494529200291737,170.9707719787536,444.6035119760748,98.97838556428329,39.67826810652742,4.050281689859335,14.133123942032396,2.156392209311241,0.8381092728202713,0.0,0.0,0.0,0.0,0.0,0.0,15.0,0.0,15.0,model1,11,1.785037194619663,3.0,none,0,15.0,15.0
118,58,2015-08-05,213,167.5490692886324,448.299511339941,99.9507553354224,40.39904482837439,13.512439434495302,50.815797554961016,9.555039351029489,5.060164641528135,172.11353561905196,448.7172779286346,99.53475810104626,40.38856334522399,3.089076681052357,10.40990602270352,1.1252504026984722,1.1912580330638003,1.0,0.0,0.0,0.0,0.0,0.0,0.0,0.0,0.0,model1,5,2.404141757922155,1.0,none,0,6.0,54.0
119,62,2015-08-10,218,186.3007247686992,441.0208599941034,99.69593948314704,40.61567730316711,13.738259576031377,42.66586468424318,10.483480341384585,4.746312234866816,177.82450967520396,447.6721515454994,99.46952275645366,40.35105201476309,8.428563565557985,3.85629245172482,1.2866972928496805,1.146895368682748,1.0,0.0,0.0,0.0,0.0,0.0,0.0,0.0,0.0,model4,20,1.1387640445554896,7.0,none,0,44.0,1.0
120,72,2015-08-07,215,172.29595292567123,456.22618726300834,97.163804678504,40.570704822195445,16.44284302174353,42.209590660145885,8.466135308308772,4.507140463322189,169.88878660656377,450.1634208420402,99.02977562972492,39.70156679116398,2.5429871191262183,6.24854238012835,1.5127128564150063,0.678686792036556,0.0,0.0,0.0,0.0,0.0,0.0,0.0,0.0,0.0,model4,2,0.8915853592544761,20.0,none,0,136.0,29.0
121,85,2015-07-13,190,168.0378852430888,451.0724177673283,98.779769355651,40.89370342075548,17.045841345089293,61.30160965901393,11.433340406439026,3.996709912236256,170.86343171545818,462.80467880524486,99.01024133280954,40.52302540497443,3.3709307717332413,11.798467055306023,1.697867426843221,0.4532977235679004,0.0,0.0,1.0,0.0,0.0,0.0,0.0,0.0,0.0,model1,16,1.7637032720949324,2.0,none,0,14.0,46.0
122,62,2015-06-25,172,167.3080255735958,365.2584016941385,99.63272614389808,39.8898035716685,15.509818821587888,58.11167868827479,8.015682421361422,5.138576037491237,168.33398569188694,426.94698862901015,99.34773346855954,39.80641458865784,1.1152886999696576,36.129021586476206,1.7792574366855336,0.7941345021515271,0.0,0.0,0.0,0.0,0.0,0.0,0.0,0.0,0.0,model4,20,1.562563409079405,4.0,none,0,28.0,2.0
123,17,2015-04-07,94,166.43707442812862,443.110413384165,97.49253535816432,39.22796923992962,15.208801445244834,45.91606024003293,11.244630019694329,4.846540282580238,168.79855669655592,448.57720405933634,99.63798748205662,40.20001701095132,1.824870164355458,3.211406649680834,1.75136713254544,0.9563792002308068,0.0,0.0,0.0,0.0,0.0,0.0,0.0,0.0,0.0,model1,14,2.018751677287504,1.0,none,0,6.0,39.0
124,49,2015-09-22,262,170.2457287341924,440.4016901469106,102.57819713543924,39.55975146195885,11.911471922767651,47.62318864469678,9.443436257685772,5.016868371495894,170.06388968677652,447.5151990075794,100.4958704711098,39.71352413279739,1.5260250083608644,8.552962799346753,2.474887891036334,0.8550482111248006,0.0,0.0,0.0,0.0,0.0,0.0,0.0,0.0,0.0,model1,15,1.8404826649942216,2.0,none,0,10.0,20.0
125,39,2015-09-02,241,171.73920701001825,451.2345514000217,100.86065523472035,39.82770073138542,10.308249900876762,47.548123805983465,12.721862076070323,3.4015261333554965,169.20685174487014,457.2062210147855,100.128570168992,40.11488138245922,4.896431635548279,19.851577490324757,2.013627994743109,1.1317810969633262,0.0,0.0,0.0,0.0,0.0,0.0,0.0,0.0,0.0,model4,0,1.8571584769711356,5.0,none,0,34.0,41.0
126,11,2015-01-30,26,175.04230329302206,437.0005175123554,101.92652778505249,39.94039961087541,12.215848333277116,39.80507366663005,10.31219318324654,5.233488625396324,171.2595201051392,436.34813690193687,111.39337449339624,39.97886838229272,2.319632268084074,3.4368557592822087,12.800704714453728,0.5291949342048237,0.0,0.0,0.0,0.0,0.0,0.0,0.0,0.0,0.0,model2,6,2.1614377796170445,2.0,none,0,10.0,20.0
127,59,2015-04-06,92,170.98292966612033,443.5406035483111,100.26094480008167,38.70370814910549,16.72640160343013,45.61518097887438,9.682226489703154,6.097370086983064,171.90796032916074,455.2153115501144,100.24238297408854,43.90178227228783,3.3423600929927257,19.24743595861805,2.490878903097579,5.011659851268812,0.0,0.0,0.0,0.0,0.0,0.0,0.0,0.0,0.0,model3,17,2.652558047994163,1.0,none,0,1.0,44.0
128,39,2015-08-25,233,165.00357036494822,456.15408944598335,99.5509891741928,39.86465880084797,16.518316087347944,65.63996948090312,11.428310816358817,4.872199145687341,168.99417402209522,450.3002908512267,100.6100901111148,39.69955268000411,3.277982122915953,8.664839614669559,1.6862840322162462,0.4624872853511033,0.0,0.0,0.0,0.0,0.0,0.0,0.0,0.0,0.0,model4,0,2.031315216955492,4.0,none,0,26.0,49.0
129,73,2015-08-30,238,166.5597404119538,455.2580528444194,106.69576652335134,37.6955764779373,10.78734134417339,48.57471243089024,20.461416047735387,5.278383020335865,168.59907513905833,450.88897609250034,109.99032855172932,38.78058928435514,3.229519019155366,5.523041723677422,13.087043140729303,1.1832471512145173,0.0,0.0,0.0,0.0,0.0,0.0,0.0,45.0,0.0,model2,20,0.689387870380628,7.0,comp3,1,45.0,0.0
130,51,2015-10-28,297,165.92827630314625,440.7718848487038,98.3212644095994,41.36413296269695,15.971494119777722,38.79946944019635,7.359430804257605,4.363682369331942,171.2565600268476,454.7911231153727,101.0227571415679,40.89567937927895,3.356015841838173,8.971149360698982,2.0904636100156035,1.2113938134123134,0.0,0.0,0.0,0.0,0.0,30.0,0.0,0.0,0.0,model4,19,1.2343275350983445,5.0,none,0,30.0,30.0
131,72,2015-01-12,8,173.21812900268674,460.49817028221577,101.22000495654542,40.261862998159465,12.197527077832495,51.53151678429198,9.764617157001588,5.057145418707417,169.85866536409617,446.4951913516675,99.53292589279523,39.46038918218785,2.337775771612296,11.523939543728272,1.7123561721311902,0.5855752678426183,0.0,0.0,0.0,0.0,0.0,0.0,0.0,0.0,0.0,model4,2,2.5457523610278066,2.0,none,0,8.0,71.0
132,38,2015-11-01,301,174.26957001727305,441.56457952688896,98.77445619137002,40.10566419477394,13.525591810657144,58.96255218684044,10.60405369786102,4.445407063926679,170.49836710635816,453.92124376027743,100.01909608319694,40.50405362602096,2.236266755615673,10.988742002437537,1.3615960477913904,1.1532044073493934,0.0,0.0,0.0,0.0,0.0,0.0,0.0,0.0,0.0,model4,15,0.5279633958612358,9.0,none,0,63.0,42.0
133,57,2015-05-04,120,164.91952939335357,448.8356971906149,95.11696917391524,51.60253519226681,15.216486933994489,34.89175603575351,7.272669739524527,3.967845501332228,171.29355753309991,453.08138544072034,99.5682199739149,43.5725318713322,5.157962836428458,11.66351333133842,2.846552557984634,5.80780475531208,0.0,0.0,0.0,0.0,0.0,0.0,0.0,0.0,0.0,model4,10,1.5437438326101,13.0,none,0,86.0,184.0
134,15,2015-11-10,312,175.67320328038852,458.1924159828859,101.45618011684326,40.777159142280254,18.67137908246089,63.99256236161405,11.31477428987255,4.487563393075425,170.94942554523027,453.0163296098468,101.15840674300168,40.35878863720816,4.892549840695215,11.617420719533484,2.2603606600955928,0.8253794500026794,0.0,0.0,0.0,0.0,0.0,0.0,0.0,0.0,0.0,model3,14,2.0755895454287647,2.0,none,0,9.0,51.0
135,9,2015-02-08,35,174.02602033714723,431.9782445677308,96.28148833835964,40.891741282017,11.96162867147868,40.25249717835445,8.859702852634992,3.2493305816937954,168.58526877113306,441.7985805530583,99.27078529535932,39.924735721150704,4.180114908681728,7.765117450814771,2.113896616123289,0.7631015745194668,0.0,0.0,0.0,0.0,0.0,0.0,0.0,0.0,0.0,model4,7,1.0879577615565508,5.0,none,0,35.0,24.0
136,13,2015-04-29,116,170.33695414929647,448.5565956448968,97.97941177955768,40.29827515981816,12.57189662881157,47.39592743271194,11.65929668535824,6.569881483512723,167.9468878974929,454.6526841485391,98.9566556823286,40.78941077257046,4.036316143290123,4.461090078805312,2.095058973947967,0.884399133220624,0.0,0.0,0.0,0.0,0.0,0.0,0.0,0.0,0.0,model1,15,1.0540412425918024,3.0,none,0,18.0,42.0
137,20,2015-09-06,245,173.0613565444755,469.5116771912176,102.4148799955327,40.128529080378655,15.18407971561284,59.30276602676079,9.23469514681932,4.9838666530816615,171.90106409712706,449.9116900237089,100.56353256642126,39.35310638377685,2.474660647798496,14.857790348294156,1.838332926093778,1.382612064215904,0.0,0.0,0.0,0.0,0.0,0.0,0.0,0.0,0.0,model2,16,1.3956124250860895,3.0,none,0,20.0,25.0
138,64,2015-08-12,220,166.5416052439713,479.6237804028288,98.48612717029988,39.90243208186179,14.9984582945103,50.31947260916118,9.967589924684027,4.530719330841214,170.38148076529248,450.2649128942684,99.6167944276244,40.47272767619506,3.1031158952023024,17.783863669729914,1.6306080395717029,0.3577411914823508,0.0,0.0,0.0,0.0,0.0,0.0,0.0,0.0,0.0,model3,20,0.3030353489201676,15.0,none,0,99.0,36.0
139,34,2015-01-13,9,174.56879389936265,456.03731132746776,101.01590149502074,46.2569505835552,12.72779342827116,50.68582837591444,9.493138938651688,7.423982500521125,170.74250417854176,450.2467984976792,101.04196779727816,41.134652488091625,5.753624774711578,10.7222300194835,2.6713031415813244,3.006639498436648,0.0,0.0,0.0,0.0,0.0,0.0,0.0,0.0,0.0,model4,10,2.492937012458581,2.0,none,0,9.0,93.0
140,21,2015-06-14,161,173.18996040865463,430.0479327595101,100.5169884584074,38.86737070120951,17.136951439039276,51.35292790195282,9.637259749796568,4.430003682873836,170.2068577768741,450.4863088299186,98.88532579284173,39.54989525701821,2.417264568590981,12.377400275240188,1.662970791955124,0.7110755893539066,0.0,0.0,0.0,0.0,0.0,0.0,0.0,0.0,0.0,model2,14,0.6931718902101303,6.0,none,0,37.0,53.0
141,53,2015-05-24,140,173.36227775279795,456.5434779690208,100.26570340742856,39.43794638455905,14.467167949858323,48.74621463090023,10.443257402115991,4.906894977941578,170.66160976632494,461.3246418788991,99.85079131863772,40.00264240829051,3.860341572874169,9.91381922840337,1.5400641658928749,1.145489644289157,0.0,0.0,0.0,0.0,0.0,0.0,0.0,0.0,0.0,model3,5,2.237389388221733,2.0,none,0,11.0,49.0
142,19,2015-06-03,150,174.17848894567783,465.92829273379374,98.27311131740186,40.162167159956006,13.278763825946251,47.79929374733475,8.026098515984517,4.913120809608348,171.2060706936396,455.253431953238,99.81656507120776,39.72544474694176,3.4583305496317296,10.088879539203267,1.94777466047132,1.1778041573824582,0.0,0.0,0.0,0.0,0.0,0.0,0.0,0.0,0.0,model3,17,0.9482876967974064,8.0,none,0,51.0,24.0
143,52,2015-09-28,268,169.3666152233584,436.1495546989259,93.61717684637944,39.59457662241104,16.111308617214846,44.71678209947229,7.862461383595044,4.707251306478055,169.2338546819287,450.1878674750586,98.89671369160332,39.93965298580976,1.8747899350129869,10.579921248083654,3.3620596724663354,0.7665963659503199,1.0,0.0,0.0,0.0,0.0,0.0,0.0,0.0,0.0,model3,14,0.4901152290983568,9.0,none,0,57.0,33.0
144,44,2015-08-05,213,174.58230164330908,416.7939039961438,102.597154918532,39.89692434143172,15.312150542049723,64.59218369320028,10.055608703511009,5.206506758035236,171.1567290114024,444.8817800414925,101.62631908682812,40.27524422808277,3.820603541013803,20.25972524985515,1.9262744841007655,1.0086583958956246,0.0,0.0,0.0,1.0,0.0,0.0,0.0,0.0,0.0,model4,7,2.414170940252741,1.0,none,0,7.0,23.0
145,17,2015-07-03,181,176.01036316393404,430.5406422499397,102.02769128844544,39.71737133470791,12.4494139058976,71.68685237853822,9.139484843107958,5.40548061916393,169.89856985174077,420.07134801929607,100.49929970098128,39.94746655393498,5.546849361503029,40.19543958586063,1.6140151869203303,1.138763247940184,0.0,0.0,0.0,0.0,0.0,0.0,0.0,0.0,0.0,model1,14,1.1134218448569215,3.0,none,0,18.0,12.0
146,91,2015-03-06,61,171.6808059060124,444.0650737699093,97.64871722566214,40.89764910952839,13.51657814222323,48.11588563460568,9.356330854555049,4.377705087982467,168.9154374461521,443.8660393753627,99.2121655848416,40.04965278761719,2.456605667676434,3.634407021086434,1.0840014283241184,1.2413030829200615,0.0,0.0,0.0,0.0,0.0,0.0,0.0,0.0,0.0,model4,17,1.3987380955057391,5.0,none,0,33.0,27.0
147,46,2015-10-28,297,182.0757360462071,452.88699248191006,102.54489195984895,38.33610351243984,18.955596687231303,37.12708205665369,6.808346206924474,5.0277532088143975,177.17604054639372,448.8428225899072,100.31950295770233,39.06874979074984,9.795400276958649,8.802865213121738,2.303933594191565,1.088663278866156,1.0,0.0,0.0,0.0,0.0,0.0,0.0,0.0,0.0,model4,10,0.5741532488890194,36.0,none,0,248.0,22.0
148,35,2015-03-02,57,174.26727358763526,452.1588454376643,96.82463803242882,38.23242431693283,14.357506305232643,50.918504778057645,10.488284350876471,4.6280511587569135,172.55471563192145,448.5355037164951,98.24779192205742,40.16347624989639,2.108368461472101,4.247527129396316,1.7571008302089932,1.1260749011164195,0.0,0.0,0.0,0.0,0.0,0.0,0.0,0.0,0.0,model1,17,0.8574039191604413,4.0,none,0,25.0,20.0
149,8,2015-02-28,55,169.97368432113947,454.95246613515855,100.65323970833371,40.3343478757146,15.502062442495298,57.26235532685192,9.237782937094202,5.060151665262959,171.30001046068762,454.8635756606597,99.82941129191168,40.296636708227126,1.5097829651378456,6.227266332381434,1.489024531167188,1.0509358520343297,0.0,0.0,0.0,0.0,0.0,0.0,0.0,0.0,0.0,model3,16,1.042698273161441,8.0,none,0,55.0,7.0
150,72,2015-06-28,175,164.63880376738663,466.1106344687882,101.15247460662802,41.2221803080687,13.449498270455669,51.67918454460412,7.594846046427308,3.966386020750471,168.17584732428202,453.49474321840296,99.87559356627688,40.15085864182642,3.4017954210645143,14.29800939323614,1.6820170903089664,0.971123899291101,0.0,0.0,0.0,0.0,0.0,0.0,0.0,0.0,0.0,model4,2,1.237526654351143,14.0,none,0,96.0,69.0
151,51,2015-08-04,212,170.57492837585266,369.1796581314172,98.7772542360027,40.344621847404966,14.2595823255625,49.41329507230293,7.399728925657292,3.940632709307508,170.82186898861124,430.7960804155141,98.93532885389912,40.24397889031616,2.671164823406678,36.11254239895607,0.5447776314625485,0.5802093300778718,0.0,0.0,0.0,0.0,0.0,0.0,0.0,0.0,0.0,model4,19,1.6058997806999291,3.0,none,0,20.0,40.0
152,91,2015-03-12,67,168.44545726156574,447.528461520672,110.05281847464288,42.13095037135745,16.065358343802384,47.25336635030738,14.227650602192092,4.050409426204274,168.86557871713595,446.2522753241514,102.98808751134872,41.02718051843086,2.913165292150377,7.701155482342629,4.584308840583693,0.8677434216815304,0.0,0.0,0.0,0.0,0.0,0.0,0.0,0.0,0.0,model4,17,1.239570688442269,6.0,none,0,39.0,21.0
153,32,2015-08-06,215,199.5659356579046,441.9439817030095,97.55300152977124,40.23186852112686,17.324048570528202,36.54526809922392,7.959946224895017,4.987998681318909,174.86075677191135,454.46372526478336,100.60922766500488,40.286002498031465,14.116390435798465,13.007281731946891,2.89005432158216,0.7494859040655693,0.0,0.0,0.0,0.0,0.0,0.0,0.0,0.0,0.0,model4,15,0.5117582606427379,7.0,none,0,43.0,2.0
154,42,2015-08-20,228,172.4506141521722,455.8952811798599,100.52521063304012,50.278056019010194,13.66367737895886,55.68791694217485,10.690975652170575,5.069451971285169,169.83343328598963,421.5667754120957,101.22431926237353,41.5510989616332,4.04597481289836,33.108520099215134,1.9669845937766528,5.00419833107579,0.0,0.0,1.0,0.0,0.0,0.0,0.0,0.0,0.0,model1,7,2.648685291764337,1.0,none,0,1.0,29.0
155,1,2015-02-03,30,170.8143591220435,450.34249788430833,100.96398170479384,40.36865496152932,15.409576639400868,56.37629581074711,11.825328000518406,4.609963179230039,169.50528319803706,444.41742786380144,99.25125039184924,39.96668628033416,3.120545772472426,12.480504299514582,2.3032543206490863,0.4268787220874259,0.0,0.0,0.0,0.0,0.0,0.0,0.0,0.0,0.0,model3,18,1.5117906326318846,5.0,none,0,29.0,31.0
156,97,2015-03-31,87,171.34883002628828,455.2742543395968,101.46248219509177,40.56560850622779,20.139214992477264,49.82325826923524,13.272206802840918,4.121488701054365,172.66300310542292,454.734336378664,100.93387483058454,42.810983309171945,3.138285967648485,9.0382504004023,1.4374091716618065,4.181550833313638,0.0,0.0,0.0,0.0,0.0,0.0,0.0,0.0,0.0,model2,14,0.3522748256768279,10.0,none,0,66.0,39.0
157,11,2015-11-09,310,170.0513367810489,450.5455381613807,97.57928183356744,40.297417679698135,12.382624996115888,52.87982806218083,6.909747086203417,6.501318178912513,168.51738866238532,450.7385508752395,98.2362668976216,40.19253540990096,4.303909892878758,7.055575995406679,1.5954367397966434,1.3643473631162557,0.0,0.0,0.0,0.0,0.0,0.0,0.0,0.0,0.0,model2,6,1.1376216692264094,6.0,none,0,38.0,37.0
158,79,2015-06-08,155,176.48474769674806,448.9838390641028,99.74423923751412,41.75205100049361,12.807885611447716,39.14497046213395,12.694449185604263,4.345512740429239,172.2229656477342,449.1382613108872,99.45443175304534,40.637824180148456,2.653337051679022,6.194361109511768,0.6878090194596346,1.16888146729611,0.0,0.0,0.0,0.0,0.0,0.0,0.0,0.0,0.0,model3,14,1.5261382495305604,4.0,none,0,22.0,8.0
159,92,2015-02-18,45,168.59813428447274,451.0426044168741,123.0215081075043,40.878387836815584,17.815876927618227,48.43036019137587,10.301987747206242,5.198502724192712,167.66960081141633,447.0767596999989,110.0674452338106,41.17879100989141,1.6385244264011258,9.516411242840014,11.114471607547124,2.194056091399542,0.0,0.0,0.0,1.0,0.0,0.0,0.0,0.0,0.0,model1,2,0.6175248748436655,7.0,none,0,45.0,1.0
160,82,2015-01-30,26,166.84217694052003,437.7368468978725,103.03230747966774,39.75965635283219,13.40287307350688,54.12362391922274,11.609005864179531,4.75898223160807,177.7741086001037,445.5602688596026,99.28743442520214,40.16838789036808,9.605477523851604,7.83259721527069,2.390224117298375,1.4929866309293016,0.0,0.0,0.0,0.0,0.0,0.0,0.0,0.0,0.0,model3,11,2.6548845770400638,1.0,none,0,2.0,58.0
161,1,2015-06-10,157,167.7677439963716,447.10690796429645,102.8820440078062,39.13700864191538,9.867413047762646,32.51203232431156,9.719163155565552,5.86115090740063,178.02398432678652,450.7726305932906,103.8136021208666,39.90418335986325,11.48304164574026,9.727255975691367,6.756211343339017,0.6007054726615954,0.0,0.0,0.0,0.0,0.0,0.0,0.0,0.0,0.0,model3,18,0.9687081419919574,8.0,none,0,51.0,9.0
162,3,2015-06-20,167,168.70662496390707,449.8473471688264,98.12238954216942,39.516917394540656,13.16092066716644,35.505812393249,9.215202345280998,4.9558197603211855,168.45726794311614,451.2566450241321,110.28235212321192,39.608648779309874,3.235989179890715,7.592156183379311,11.061805431892356,1.0934440973828972,0.0,0.0,0.0,0.0,0.0,0.0,0.0,0.0,0.0,model3,8,0.3634869033296842,20.0,none,0,134.0,31.0
163,73,2015-06-06,153,168.08089887634586,452.0690115805526,100.61681990049418,41.85118802474142,14.03321260019962,43.09270408831947,10.127179175452936,6.159178810877351,176.11479773290208,452.8549207279356,99.59876634574658,44.62376920722871,11.530177015786784,10.92699760569883,1.5789158354605972,5.923962540527186,1.0,0.0,0.0,0.0,0.0,0.0,0.0,0.0,0.0,model2,20,1.4773410770358464,3.0,none,0,20.0,40.0
164,29,2015-11-08,308,166.04705066602955,445.6887982012577,97.74865581828594,40.13019641775072,15.45764886682399,38.65473740012739,11.261617001923872,4.818576173499381,170.36508801352292,448.1278083377841,99.9781125013628,39.387197736614056,2.9916198472340567,6.908946858273064,1.560590809445153,1.5297082333502556,0.0,0.0,0.0,0.0,0.0,0.0,0.0,0.0,0.0,model4,3,0.5919161788505191,36.0,none,0,250.0,20.0
165,83,2015-05-10,126,171.6162259049336,445.8497807051533,102.30556634205632,41.04185562337598,14.538122534086533,40.15464275292856,12.67442861774254,5.5463972020173,170.3678227918605,416.6734098038867,99.36727590006998,39.597152981014936,2.657619623082568,41.85694357829601,2.8901886154217107,0.9079011091735404,0.0,0.0,0.0,0.0,0.0,0.0,0.0,0.0,0.0,model4,18,0.2167684339595914,8.0,none,0,54.0,6.0
166,61,2015-10-02,271,169.57706701349704,459.4998700269709,100.42316389907018,38.83996951506781,11.941398891504292,46.44524935428564,9.012362223503972,5.471736524835406,168.38119190233644,442.33229948890255,101.16809626956916,40.0559449802425,3.725783894802273,12.633093862245971,1.0581321947036826,0.8348194173998571,0.0,0.0,0.0,0.0,0.0,0.0,0.0,0.0,0.0,model4,2,1.43050094105473,8.0,none,0,52.0,23.0
167,26,2015-09-06,245,172.72196437121815,450.3275565718446,126.40710621593826,39.432987131120136,14.9142198202082,59.49847263698242,9.552709876440948,5.21941052854806,175.610619630801,450.7244067459504,107.32856096778542,40.18262882895728,11.428487710607229,9.851225895306731,11.327815720406482,1.000326874156125,0.0,0.0,0.0,0.0,0.0,0.0,0.0,0.0,0.0,model3,3,2.568231848959593,1.0,none,0,3.0,42.0
168,25,2015-01-05,1,165.92515960074914,461.50542864042063,99.42475217400998,36.77562273998152,15.637568051517375,58.07762371907455,10.129017816300935,4.4317154430113765,169.82784113510064,452.50977954564985,99.65727548596097,39.499257471534094,3.3020481045098142,12.750789572155265,1.5001753335217831,2.243453849910133,0.0,0.0,0.0,0.0,0.0,0.0,0.0,0.0,0.0,model4,16,2.6229134775778125,1.0,none,0,1.0,59.0
169,45,2015-07-14,191,173.39356610894689,462.9154004500375,102.52883866803852,39.60522702481781,13.356790150229916,53.19311527848871,9.406644126052486,4.20403104653806,170.041031760126,455.1808154261816,100.56951122452897,40.771323502475546,3.09678537571206,9.913999008816532,2.2278072345322024,1.5148603913325551,0.0,0.0,0.0,0.0,0.0,0.0,0.0,0.0,0.0,model3,14,0.95170044673645,8.0,none,0,53.0,7.0
170,19,2015-11-19,319,162.03234971622544,450.1022298924822,99.3107195951237,40.917235548503534,12.61997831891772,34.587031503672165,13.287063456653804,4.329414430102833,171.03138279368127,452.6443474876399,108.67896693057985,40.34792112596024,5.141975207336589,6.358317578943987,10.13345973342677,1.2833517326285129,0.0,0.0,0.0,0.0,0.0,0.0,0.0,0.0,0.0,model3,17,0.6405502357647997,10.0,none,0,70.0,5.0
171,50,2015-01-10,6,171.46538265679945,441.8927972208275,99.8227719160965,42.63362201088557,10.949361948316142,41.11383876614388,9.133821233732116,4.628350051303847,170.30363707143553,446.1647798072742,99.28677596248014,39.98555848516671,2.64125123147855,6.012502118713367,2.032059406726153,1.5506842116774298,0.0,0.0,0.0,0.0,0.0,0.0,0.0,0.0,0.0,model4,4,2.4957536490301657,1.0,none,0,6.0,20.0
172,40,2015-07-07,184,171.86090572481055,453.551531887952,108.43735602538568,39.73806905999165,13.76314581316213,61.64670172823836,17.473568133593268,5.018855945844842,172.49673330654122,449.3551265362801,109.74024848531649,39.43751896654109,4.139943055355811,12.669949568643004,9.069466562868577,0.7173141304985412,0.0,0.0,0.0,0.0,0.0,0.0,0.0,0.0,0.0,model2,4,2.477491055224352,1.0,none,0,4.0,41.0
173,95,2015-10-07,276,164.5476268904938,451.8082707003311,101.58704573929252,39.38989868147168,19.148952359850973,61.27705311396362,8.396192079432522,3.7257699736683567,170.12308395215567,448.2156592056693,99.75772751037884,39.67359786134806,3.5210580799567093,5.140118378937777,1.4316070199363102,1.217329885677747,0.0,0.0,0.0,0.0,0.0,0.0,0.0,0.0,0.0,model2,18,1.6510064003008909,3.0,none,0,20.0,10.0
174,46,2015-08-11,219,172.11661535435152,445.3699088045101,100.678400720553,40.63998873208463,15.473359625087683,62.11875225169806,10.420002032915578,5.502357655623491,177.66719331178575,419.242303055796,99.32020606422128,40.70960725664175,9.375738069834735,45.19072751443437,2.349699184767346,1.5292724079125593,0.0,0.0,0.0,0.0,0.0,0.0,0.0,0.0,0.0,model4,10,0.9362893449986098,25.0,none,0,170.0,100.0
175,87,2015-09-07,246,169.50249120768555,449.5515787734805,97.70076757602293,41.84873602767348,14.376003192074158,58.84309504346661,11.267452512382858,4.587931837170376,172.76552827611948,449.9586521969013,100.39964189921552,41.13781921058166,3.0730534903057105,9.632177545591976,2.472423730915236,0.5206481612207757,0.0,0.0,0.0,0.0,0.0,0.0,0.0,0.0,0.0,model2,12,2.0246208253008446,2.0,none,0,13.0,47.0
176,63,2015-06-04,152,173.18696946566303,428.01446485471615,97.8235949152616,38.79238052623512,12.986784135361717,46.17174542618355,11.839880309384869,5.715785825393624,172.16897822983913,442.5263493833794,99.49324076252896,39.75306535208538,4.006157061285102,13.515900587802006,1.887997424088761,0.805916571753052,0.0,0.0,0.0,0.0,0.0,0.0,0.0,0.0,0.0,model4,14,2.1719839784516903,1.0,none,0,7.0,53.0
177,64,2015-11-09,309,163.21029978099205,438.0853782483139,100.27247036747302,41.77629293179954,16.237897252695184,38.98068736005692,8.152676655587564,4.64402738785058,167.42957890199824,450.30687503084175,100.04442740073976,40.89173801643049,3.2746270366813133,9.837661641421889,2.029482111617679,1.208205191998274,0.0,0.0,0.0,0.0,0.0,0.0,0.0,0.0,0.0,model3,20,1.6328136774151183,4.0,none,0,23.0,52.0
178,33,2015-10-06,276,169.99165401960911,379.8488065257879,102.87193986335204,39.75096779016621,18.59565721360769,42.75272741288051,9.052144727213513,5.029843142925646,171.04146604527867,433.5755752234556,99.8722153666752,40.54454784933783,1.9783251454081732,34.6406014699021,2.3066587659616777,1.2488840349298054,0.0,0.0,0.0,0.0,0.0,0.0,0.0,0.0,0.0,model3,14,2.0820090840784555,2.0,none,0,8.0,52.0
179,45,2015-09-23,262,169.04388145284975,449.291291518514,99.25265446455276,39.68313291170748,12.940834728493916,64.65667773910965,10.181910419250809,4.561140768457167,167.72502655701652,447.1382058033511,98.29958764637593,40.142743983095485,1.8620824388250476,17.211995350422516,2.3698451557632425,1.1787415983660072,0.0,0.0,0.0,0.0,0.0,0.0,0.0,0.0,0.0,model3,14,0.7654229419208578,10.0,none,0,64.0,26.0
180,55,2015-02-11,38,167.68737605894077,437.4895668280249,98.46919725433725,40.70644834659329,17.87782259399807,59.57688685915899,10.65193433828697,5.779052622176291,168.85475402464286,445.5366627177694,99.58509993736764,40.3048572229324,2.175439127617608,10.521792747929066,1.2736900382660108,0.9503756593460114,0.0,0.0,0.0,0.0,0.0,0.0,0.0,0.0,0.0,model3,17,1.0879958666565088,6.0,none,0,38.0,24.0
181,39,2015-11-21,321,180.03359931237387,460.94377345056415,99.64983161862084,41.37808801741172,19.497826637667384,55.29093961899572,10.031856683146156,5.412159082520568,177.2144794446211,450.57033894694814,100.44187785970853,40.23897500514872,8.996717655898635,10.982184889466147,2.461153994388603,1.1980952319976994,0.0,0.0,0.0,0.0,0.0,0.0,0.0,0.0,0.0,model4,0,1.7559766714686285,6.0,none,0,39.0,36.0
182,35,2015-02-05,32,168.48046799951797,449.4315378353919,104.65917917613054,40.2291443590557,13.385131726935004,46.28010360721824,17.98063510414678,4.690824008188157,170.44841709495284,445.45073260517336,110.37397191156916,39.9537055742035,3.746358377614552,14.298827976759128,11.82507894073891,0.5905089634059707,0.0,0.0,0.0,0.0,0.0,0.0,0.0,30.0,0.0,model1,17,0.6807123983233854,5.0,comp3,1,30.0,0.0
183,38,2015-08-29,237,172.9580123357633,422.2703944553781,99.51122813234662,50.14543269029259,16.121157191231617,62.98375340002148,9.757487771508142,3.2216404739359445,169.00289366016983,414.274094649592,100.7661542907538,44.1164782922413,5.540054767189077,39.882970860467545,1.766459873941627,4.832456619226968,0.0,0.0,0.0,0.0,1.0,0.0,0.0,0.0,0.0,model4,15,0.5858555151845348,9.0,none,0,59.0,1.0
184,64,2015-06-02,149,168.92458155283427,450.96477010143286,102.40338849588429,40.0431507534478,15.591319661762642,43.81889396778529,7.415096651139279,4.831632048876043,167.91952865557215,441.891657459242,100.06470260963354,41.76029305478407,1.7083212332420556,6.405175500480134,2.6923887839714844,3.7616256703575326,0.0,0.0,0.0,0.0,0.0,0.0,0.0,0.0,0.0,model3,20,1.4615556542085293,4.0,none,0,28.0,107.0
185,29,2015-06-25,172,169.17598168587523,458.5814923060228,99.37492483739202,40.19458117772321,12.923006266286414,70.50723219157196,6.498483512160088,5.120106592378017,169.8059861026033,456.0669905261091,100.15116008180732,40.08459518685038,1.5921791923825868,8.25762393534304,1.7283129507395896,1.089787785314053,0.0,0.0,0.0,0.0,0.0,0.0,0.0,0.0,0.0,model4,3,1.356459571020208,17.0,none,0,114.0,156.0
186,29,2015-09-14,253,172.32720163486488,449.2401841271258,99.5773284860171,40.19574022272982,14.28247658353708,43.72819842708614,11.368456098901742,4.674136140054901,167.82504838222388,458.22160501089286,100.1652538939409,40.33440863046711,4.0249791218997615,6.602435998362687,1.4704001692192292,1.0064568477731908,0.0,0.0,0.0,0.0,0.0,0.0,0.0,0.0,0.0,model4,3,0.8277663170261528,28.0,none,0,195.0,75.0
187,17,2015-12-21,353,174.65018178622574,442.9451387284468,98.50012750974538,41.35202614233928,9.125318559871085,38.370215680534514,9.093260398870765,5.009920822824917,169.56416846263735,451.5056355085082,101.02732493109798,41.5946644556719,3.82122403068443,11.493675304055984,2.572204551908825,0.8355426295577587,0.0,0.0,0.0,0.0,0.0,0.0,0.0,0.0,0.0,model1,14,0.8268907930373276,4.0,none,0,24.0,6.0
188,18,2015-02-06,33,169.46060185753456,450.4480290872064,98.81412309629302,39.56120703072442,14.797933730856212,43.98234558426204,10.113118251303076,5.511347978895536,171.18139261877806,446.4203343307087,99.00165343849892,40.61956876294076,1.5947720559550178,10.416036815236604,1.2017962206793882,0.917912071489215,0.0,0.0,0.0,0.0,0.0,0.0,0.0,0.0,0.0,model3,15,2.249731353876803,1.0,none,0,7.0,53.0
189,53,2015-03-17,72,174.28052076388758,439.826206885052,98.25216584951735,39.98328743991489,15.832638983888792,57.45223243975525,8.977585582049526,4.5072150348962365,170.69135025956058,450.3274654330329,99.9799872957439,39.598720371868126,2.333249346567523,7.985461494104113,1.2832747537120823,1.0383081763540682,0.0,0.0,1.0,0.0,0.0,0.0,0.0,0.0,0.0,model3,5,0.7600764313550992,11.0,none,0,72.0,12.0
190,45,2015-03-16,71,168.61809886866735,444.3166509992731,100.7618624673372,38.21905508308274,14.726209736292455,41.366129024676496,11.232644795205754,6.34025389253008,170.76625150478247,446.6290348373552,99.80331144718023,40.263341787862174,2.6728690638009,5.880056931005021,3.9100878305015416,1.384856867726818,0.0,0.0,0.0,0.0,0.0,0.0,0.0,0.0,0.0,model3,14,1.723840163653642,4.0,none,0,23.0,67.0
191,89,2015-08-16,224,170.01103131970706,447.7406261535335,98.21709944967704,39.77457753414512,14.952328517495316,45.81210016735264,9.026246492297425,5.84510350790305,170.37364095603556,450.7687766120742,100.39227912052208,40.08736515195368,3.341476862915307,8.166052233353145,4.361293150743608,0.795556831220152,0.0,0.0,0.0,0.0,0.0,0.0,0.0,0.0,0.0,model3,17,1.5705260992737318,4.0,none,0,25.0,5.0
192,46,2015-03-23,78,173.72022174854953,456.3342939368079,100.14282801445164,40.36304870813338,16.238419311451736,44.71691985431882,12.394569127507983,5.511307877539537,173.4012088446189,457.0527979175678,100.56887176869648,40.68559609013461,2.758741787177275,11.775619131641914,2.700680867273762,0.9921676567787318,0.0,0.0,0.0,0.0,0.0,0.0,0.0,0.0,0.0,model4,10,2.266375406628466,5.0,none,0,29.0,241.0
193,50,2015-01-23,19,169.2561324091617,455.86206026820673,101.3408405462775,40.35096827919569,12.427900450853642,38.83778771469626,7.4975866330512035,4.664460510108858,170.89466148051363,451.52787932947297,100.70088583461845,40.16797400100135,4.067585539350498,10.82041384663925,1.2093070044501515,0.5926369978840608,0.0,0.0,0.0,0.0,0.0,0.0,0.0,0.0,0.0,model4,4,2.074120827999715,3.0,none,0,19.0,7.0
194,53,2015-11-07,307,175.9977603708899,394.9085002610922,99.77396803212508,39.92348581105491,18.13497679833924,57.75345992469839,9.47591358918565,5.262198830794209,174.01075882532945,444.233891630139,100.00519924892414,39.714466471058,5.956805501016839,27.93892324265367,2.467329337799103,0.4163931061766903,0.0,0.0,0.0,0.0,0.0,0.0,0.0,0.0,0.0,model3,5,1.656032661275563,4.0,none,0,28.0,2.0
195,13,2015-10-03,274,171.6278587733233,451.9689940014109,102.11180308097973,39.55645491855781,13.685306007891732,38.13227974874321,11.44556275172514,5.390403018675999,170.69040690868138,452.5201811847416,100.57995173894092,39.736865411443326,1.076849705330048,7.11377127037088,1.0671604686136411,1.0588566341277812,0.0,0.0,0.0,0.0,0.0,0.0,0.0,0.0,0.0,model1,15,1.6058997806999291,2.0,none,0,10.0,20.0
196,39,2015-09-03,242,171.0749999415915,451.6910973645445,100.91230333614769,41.39762761108813,12.401964390503744,44.40730392988645,12.298806141904798,5.284107181604177,170.61584390434152,460.3980092504808,100.86245852605352,40.07682697728114,3.9580445140862186,16.54300519342943,1.2054826471297384,1.0714625781987694,0.0,0.0,0.0,0.0,0.0,0.0,0.0,0.0,0.0,model4,0,1.8364661186823823,5.0,none,0,35.0,40.0
197,96,2015-08-31,239,170.8510436229063,446.7159030693934,104.91939438797584,40.739668988184974,16.146671738581606,55.60941027305597,12.682393109460897,5.94662047390485,169.58634610672806,414.2151873744102,110.76183773248071,39.56606871037218,2.284291117210428,27.28282070982864,11.911318751905728,1.016588581121628,0.0,0.0,0.0,0.0,0.0,0.0,0.0,45.0,0.0,model2,10,1.4524605552558012,7.0,comp3,1,45.0,0.0
198,45,2015-03-10,65,169.5276411748221,370.5470531572017,101.18982765977788,40.67722149962261,14.424480643370146,43.50759277275075,8.916469864716632,4.765940882894106,170.28659535558893,417.1983406257458,100.08240420953229,40.20466153042189,3.235040553675737,31.283128441843747,1.186686039147932,1.5261620829889522,0.0,0.0,0.0,0.0,0.0,0.0,0.0,0.0,0.0,model3,14,1.941316471776103,3.0,none,0,17.0,73.0
199,53,2015-06-21,168,173.08128720427987,460.45907522604034,101.44663757131777,40.24681156444785,18.33803453607732,54.3142857692046,8.241578445259346,6.510736351452766,168.6110043259305,450.31514922335793,100.3612679315696,39.97879705928257,4.074038453685823,13.036886456349382,1.1668727903940068,1.252118171493172,0.0,0.0,0.0,0.0,0.0,0.0,0.0,0.0,0.0,model3,5,1.363063190907971,6.0,none,0,39.0,21.0
200,45,2015-05-23,139,165.76981645888796,453.8677413821021,98.03157176899346,40.96666974150505,13.0105586604522,48.58791061043688,9.321334883102416,4.627207554406794,168.84903030009988,458.1130031506517,100.42196617034,44.54413234519464,3.051499645405475,5.301691844239667,2.3849644143574773,4.234211461850247,0.0,0.0,0.0,0.0,0.0,0.0,0.0,0.0,0.0,model3,14,2.664983909269396,1.0,none,0,1.0,59.0
201,24,2015-06-14,161,176.69979633598174,449.4825714518332,96.13665430865966,38.26063458931799,17.08954440966244,52.094275264190415,11.22198552005332,4.5813684575082,179.88170370547704,450.7435812462439,98.94324615672308,40.13173319866748,9.15193858909077,10.375574381798986,1.7421888257274036,1.5728118477124482,0.0,0.0,0.0,0.0,0.0,0.0,0.0,0.0,0.0,model1,20,0.5535166673532561,9.0,none,0,58.0,17.0
202,43,2015-06-18,165,169.24741252912222,467.37244618749264,99.8650514171922,41.335554769236175,17.380106119921365,54.24135247363898,10.55204435119356,5.004578739561045,170.7462992906381,454.9077763749522,100.56799075796016,40.2533385811352,3.06130513584511,8.46517074344275,1.4165479446391789,0.7796466345345492,0.0,0.0,0.0,0.0,0.0,0.0,0.0,0.0,0.0,model3,14,1.8038176990203303,2.0,none,0,13.0,32.0
203,1,2015-06-01,148,167.00639889437636,440.7185983167554,102.86701224074648,39.34784954255099,16.69660990221506,76.05182386646658,9.551107951999048,4.661505289786859,169.9473336691837,448.1682402017418,101.66345398231093,40.491329610191045,4.952285987267112,11.50125785131913,1.3970045094320256,0.6879396644946715,0.0,0.0,0.0,0.0,0.0,0.0,0.0,0.0,0.0,model3,18,1.162170081501123,6.0,none,0,42.0,18.0
204,12,2015-01-21,18,172.50476173013465,436.96835893260527,100.8802011798699,39.922520412013945,15.279241049923511,64.76840734922277,9.543475162153443,3.532477623996878,169.46513296714176,449.4487152557147,100.27805896649669,39.82839522563464,3.979595715630104,13.2555002282165,2.2187911474858053,0.9267014758401626,0.0,0.0,0.0,0.0,0.0,0.0,0.0,0.0,0.0,model3,9,1.8115863511867307,2.0,none,0,14.0,61.0
205,48,2015-05-11,127,170.70192448298852,417.13234599046046,99.9018779725188,45.98224174615702,12.303909764292024,62.447417396683086,12.433338722163546,7.817915036194426,171.19022031324644,419.1745621324944,99.50919972362227,44.74187030741815,3.8476893870553326,38.73579817170392,1.8105018502679815,4.57885002688568,0.0,0.0,0.0,0.0,0.0,0.0,60.0,0.0,60.0,model4,10,0.692063076922949,9.0,comp2,1,60.0,0.0
206,87,2015-11-05,305,175.2881031782548,442.20092212466426,100.61744327980448,40.57314217537071,13.362386213411144,58.54963251587133,10.858592242538048,5.128296863492219,172.763937357596,447.0124114781978,99.6215102091639,40.51655279564196,1.630324637525047,4.420426689294741,2.5576856499567087,0.7040837594162731,0.0,0.0,0.0,0.0,0.0,0.0,0.0,0.0,0.0,model2,12,2.0710284627057223,2.0,none,0,12.0,48.0
207,31,2015-10-10,279,170.69103337111008,449.9195309958571,98.88851117634864,45.78862385746043,14.06082808298176,51.85240164985903,9.522150382051787,6.773167393033588,169.90748149778224,453.96730981370894,100.62735138794692,40.89084442826983,4.171683033250238,3.004925736735834,1.4870968445064756,2.762418342591614,0.0,0.0,0.0,0.0,0.0,0.0,0.0,0.0,0.0,model1,11,0.9906977418115238,6.0,none,0,36.0,9.0
208,27,2015-02-16,43,168.15782405030353,458.54870111215,100.75061202157671,50.9085349764506,16.35288648026216,47.08946711851647,9.1033314641703,4.082338585313126,171.34796666688786,449.4222132348961,100.50982406217928,43.89869039630352,3.82398955767172,10.578106080792564,1.0181367645921748,5.950735575528989,0.0,0.0,0.0,1.0,0.0,0.0,0.0,0.0,0.0,model3,9,0.7451888170134805,4.0,none,0,22.0,8.0
